33,68,43,75,79,87,24,60,94
96,36,71,41,18,20,24,25,60
96,75,46,80,18,51,54,22,92
70,71,15,80,17,19,21,85,87
68,36,10,75,46,22,55,54,92
64,1,36,68,45,80,49,85,92
96,4,15,80,83,54,55,26,94
0,33,66,64,36,70,49,51,20
96,33,68,70,18,20,21,55,24
36,5,68,75,46,15,80,18,55
72,8,74,11,45,78,16,22,54
66,68,5,73,43,81,51,19,55
38,41,11,78,79,16,82,89,58
64,71,39,46,49,54,58,92,94
0,97,35,41,45,49,82,83,94
5,74,43,45,78,15,47,57,26
35,70,41,46,79,49,82,85,54
64,0,72,74,75,45,47,79,15
1,36,5,37,7,43,15,20,24
66,99,4,75,16,54,22,89,94
97,38,72,74,43,45,78,47,22
70,71,43,81,19,21,85,25,94
0,96,99,49,82,18,54,26,92
68,5,70,18,19,21,85,55,24
96,66,68,43,46,18,54,55,57
97,41,79,15,82,87,89,58,59
1,36,5,71,43,81,49,21,85
64,0,36,79,92,49,82,18,60
72,74,11,45,78,16,22,89,58
72,74,11,16,22,54,57,26,92
64,0,1,33,5,71,85,89,60
96,66,39,75,47,80,79,18,89
64,97,8,11,79,49,87,93,94
58,8,74,45,15,16,79,57,26
33,68,70,43,46,81,21,55,26
36,41,46,17,18,82,20,85,55
3,70,71,15,85,87,25,93,94
97,39,74,43,45,79,47,57,26
96,35,40,80,18,51,19,82,54
99,68,41,43,75,47,18,82,22
7,40,80,17,81,19,51,85,28
33,1,3,36,37,71,40,43,28
96,64,68,41,46,82,53,55,24
64,66,36,5,10,74,16,83,58
96,66,68,70,43,46,54,55,92
35,68,36,46,18,51,19,85,55
35,41,43,46,15,82,18,55,60
66,10,75,28,78,83,54,22,92
96,4,39,71,46,85,87,24,60
0,64,5,40,41,47,82,89,60
68,70,80,81,17,19,51,21,55
0,99,36,39,16,49,22,58,94
1,40,75,43,82,20,85,24,57
0,68,70,71,40,52,21,25,57
41,75,43,47,80,49,82,83,20
1,36,5,10,43,80,49,54,55
99,71,75,47,49,18,83,89,94
33,5,43,80,81,49,51,21,85
0,1,66,97,5,74,49,83,94
39,41,47,15,82,83,26,60,94
97,58,71,39,75,83,87,26,94
1,36,70,43,46,81,83,55,24
1,37,70,7,40,43,19,85,21
96,97,64,71,8,10,11,78,94
36,47,79,16,83,53,87,58,60
64,1,68,46,18,51,85,55,60
66,35,41,75,79,92,82,83,60
35,36,11,45,47,49,82,83,94
4,38,74,75,45,78,47,18,58
64,66,68,43,45,47,49,58,92
64,68,36,46,18,83,85,55,26
64,96,68,71,75,11,20,54,24
1,36,37,43,46,82,20,55,24
1,35,37,41,43,49,82,20,24
68,36,81,18,49,20,21,87,55
97,66,38,39,8,72,78,16,22
99,68,70,40,75,46,81,87,89
0,33,37,70,7,5,43,21,28
96,66,68,75,46,54,55,22,92
66,68,10,46,17,18,22,55,92
64,1,41,43,11,47,49,89,60
0,66,38,10,78,79,80,22,86
33,5,70,40,10,81,85,21,57
97,39,8,41,78,15,16,82,22
5,40,43,47,17,19,85,21,28
1,68,70,10,43,18,20,55,24
37,40,73,43,47,81,17,20,28
96,1,64,68,71,43,46,18,24
66,4,70,46,49,18,21,92,94
96,68,38,43,75,46,47,18,55
96,68,75,78,80,18,54,55,92
68,71,80,49,53,87,55,93,94
68,70,40,41,75,46,15,18,55
97,36,41,47,80,49,82,54,89
66,37,7,10,75,80,54,24,58
64,96,10,43,79,80,49,18,54
37,5,71,40,17,19,20,87,28
66,68,40,46,18,85,54,55,26
33,71,40,10,75,80,18,19,51
0,97,36,38,75,43,50,83,26
97,38,74,45,78,47,16,79,87
36,5,76,80,83,20,85,24,93
33,68,40,46,85,55,57,26,60
35,71,75,11,47,54,87,92,94
0,1,26,36,49,87,57,58,94
96,64,36,43,78,47,18,83,24
96,36,5,70,49,83,20,24,60
36,5,68,10,46,81,19,21,24
99,8,11,78,46,49,22,54,94
96,46,49,18,20,54,55,92,94
0,71,43,80,49,54,87,92,94
97,36,72,41,11,49,82,83,58
0,64,1,97,36,5,49,52,24
33,1,40,41,43,80,49,21,85
37,7,40,15,80,83,57,26,28
0,36,5,40,83,20,52,57,60
97,66,99,38,75,78,15,83,60
96,68,70,46,80,81,20,55,60
66,75,78,18,54,22,89,92,57
96,66,68,70,75,17,18,85,55
96,1,68,70,43,76,85,21,55
97,68,71,8,45,16,55,58,94
96,1,36,46,80,83,24,58,60
0,1,43,46,20,55,87,60,93
64,0,1,36,5,44,15,80,20
66,38,39,75,80,49,18,89,92
39,71,47,79,22,87,89,58,94
66,99,68,75,46,18,22,55,92
40,43,75,47,15,89,26,60,57
0,97,36,5,39,79,49,24,94
26,38,39,41,43,47,86,89,58
64,1,71,49,18,20,22,54,92
96,68,75,46,49,18,85,54,92
39,41,74,11,79,47,49,89,58
96,66,99,68,28,47,79,22,92
0,68,43,15,49,85,54,24,92
33,68,70,46,81,19,51,85,55
96,33,66,1,68,46,18,21,85
1,68,7,45,46,18,82,51,24
64,36,41,43,45,47,82,83,86
71,49,18,51,20,55,87,92,94
33,68,7,43,47,15,53,55,58
39,43,78,79,18,22,89,58,92
68,4,75,46,18,54,55,89,92
1,68,40,43,49,18,20,57,26
99,36,72,41,11,79,49,82,58
96,1,71,43,11,15,49,20,24
97,36,58,40,43,15,20,57,26
96,35,36,43,47,49,83,24,60
3,71,43,81,18,51,17,21,55
96,66,68,46,18,51,54,55,92
70,71,46,49,51,54,55,92,94
66,68,10,75,46,49,18,54,92
72,8,74,10,45,78,79,16,22
68,70,10,17,19,51,54,55,92
0,97,33,36,7,49,24,58,60
0,96,36,5,71,74,15,83,25
0,36,5,10,75,54,22,58,92
0,36,75,43,47,24,57,58,93
99,39,8,78,79,16,87,58,94
33,36,5,68,10,18,51,55,24
35,68,70,46,15,49,85,55,24
64,1,4,37,71,15,20,93,94
68,40,75,46,47,81,18,55,57
0,97,99,8,78,16,49,89,58
33,40,75,43,46,17,18,55,94
66,68,70,46,80,81,51,21,55
36,40,43,75,81,18,82,21,85
68,70,71,17,19,51,85,87,94
39,72,8,74,11,78,22,87,94
96,66,43,75,47,55,22,54,24
68,37,7,46,78,18,51,55,28
97,66,75,78,79,15,54,22,58
33,66,70,43,46,80,18,54,55
68,37,7,43,46,18,20,54,92
68,37,7,81,17,19,51,21,28
96,3,40,43,85,24,57,26,28
33,68,70,46,81,18,51,17,85
64,33,36,37,7,79,15,18,28
1,75,46,49,83,20,55,87,60
66,43,80,18,51,54,55,89,92
1,4,71,39,49,82,87,57,94
33,66,68,37,70,40,18,85,26
36,41,43,15,49,82,54,24,92
70,71,43,19,20,21,85,87,94
96,37,71,40,7,43,47,57,28
64,33,70,74,43,46,17,85,55
68,7,75,80,49,54,87,57,26
66,35,68,70,46,18,54,55,92
97,38,44,46,15,16,47,22,55
0,64,36,70,46,18,19,85,55
64,36,38,39,71,45,47,49,87
35,37,7,71,81,49,19,28,94
96,66,75,79,54,22,89,92,57
0,64,3,36,5,71,44,81,24
0,1,36,71,15,49,18,58,60
70,71,43,49,82,20,87,93,94
70,43,80,18,50,21,85,55,24
64,97,66,99,39,78,15,83,26
96,36,5,37,40,81,50,25,28
96,37,38,70,75,43,46,15,18
43,46,47,80,81,18,20,85,55
0,97,39,71,74,45,15,58,60
97,8,47,49,83,87,58,92,94
96,8,72,74,78,16,22,57,58
96,97,66,10,78,79,54,22,92
0,36,38,72,74,45,78,79,16
64,35,36,41,74,15,49,24,60
36,71,49,20,87,24,58,59,94
36,5,72,8,74,45,49,83,22
39,72,41,74,11,45,82,58,94
96,33,68,43,46,47,18,85,55
97,66,45,47,16,49,51,22,92
75,46,81,17,51,19,49,21,87
33,37,5,7,40,10,51,52,57
0,70,75,43,81,82,57,60,61
36,41,78,47,80,82,83,89,58
96,41,75,80,49,20,54,55,92
5,70,43,81,18,17,21,85,55
96,38,39,10,75,80,49,87,89
36,72,11,78,47,49,26,60,94
5,70,40,43,82,85,21,24,57
1,99,36,4,75,43,47,80,58
96,66,99,68,49,20,54,55,22
33,1,68,70,46,18,20,55,89
64,58,36,11,49,83,22,57,26
1,36,5,49,51,19,20,53,25
97,15,79,47,54,22,24,89,60
0,11,44,78,24,89,58,60,61
0,1,36,5,41,43,15,17,24
36,72,41,11,47,49,82,22,57
96,0,5,71,81,50,17,85,21
0,66,68,75,47,49,54,22,92
1,68,46,47,17,18,49,85,55
66,68,70,46,81,17,18,85,55
0,35,71,45,47,49,83,87,94
97,26,11,45,15,47,83,22,58
68,37,71,40,75,46,87,28,94
0,64,36,5,50,20,52,24,60
96,64,74,78,83,53,22,58,60
33,68,4,46,81,51,20,85,55
68,41,47,82,83,54,22,89,60
96,66,68,46,18,54,55,92,94
96,68,5,41,46,82,20,54,60
33,37,7,71,43,47,20,87,94
33,37,39,7,8,74,45,78,16
7,41,43,11,83,87,57,26,60
33,3,40,15,49,19,57,26,93
97,39,8,74,43,45,47,16,58
97,38,39,72,8,78,47,16,58
96,97,75,46,83,54,24,26,92
36,41,74,76,45,83,20,87,94
1,66,68,5,70,80,49,85,55
66,10,75,78,47,18,54,89,92
68,70,40,43,80,81,17,21,85
66,38,74,75,45,46,78,47,22
0,71,39,45,47,49,83,87,94
68,71,75,46,49,51,55,87,94
96,1,41,43,47,20,85,24,60
36,40,17,52,85,21,55,20,26
0,1,36,41,75,47,82,85,21
33,68,40,46,15,18,19,85,55
33,1,5,71,81,50,20,53,60
33,1,7,41,43,80,21,24,94
0,1,68,71,47,21,87,24,94
0,33,97,36,37,41,47,82,58
96,66,10,75,79,18,54,22,92
96,38,40,43,47,79,18,51,26
0,97,39,72,45,49,82,87,94
64,1,36,5,10,43,47,20,24
97,38,39,74,43,75,45,83,58
96,66,68,46,18,51,54,55,89
0,38,71,43,47,82,24,60,94
64,97,36,4,75,47,79,82,58
64,1,68,79,80,49,18,55,24
0,96,36,76,47,49,18,83,60
0,97,36,68,74,11,46,16,55
36,5,70,43,17,50,51,20,21
33,68,37,7,43,75,46,80,55
68,70,71,75,46,85,21,93,94
33,35,37,7,40,82,85,57,28
70,40,47,80,81,17,51,18,55
96,1,68,82,18,20,24,89,60
64,1,5,38,43,47,49,20,59
97,4,37,39,7,11,16,28,94
5,70,7,46,20,85,21,55,28
68,70,41,75,46,80,82,21,55
68,38,41,46,47,18,55,28,94
97,99,4,74,43,15,47,79,28
96,5,10,75,47,82,54,22,92
58,38,72,78,47,80,22,57,26
0,64,36,71,73,15,50,85,21
36,70,15,81,82,20,52,21,60
64,36,73,15,50,83,52,24,60
96,33,64,1,68,15,17,18,20
0,33,37,43,76,45,60,24,28
0,1,36,5,70,76,80,49,55
64,40,41,43,28,82,24,60,93
35,68,43,49,55,54,22,24,92
96,0,68,75,43,47,18,20,60
64,97,58,72,11,78,47,57,26
96,37,7,40,73,17,19,57,28
64,40,46,47,49,18,55,57,26
36,72,78,15,79,16,82,57,26
96,37,7,43,47,17,85,55,28
96,1,11,43,75,80,18,24,60
4,38,72,75,78,47,83,89,58
1,36,5,41,75,46,80,24,60
1,70,71,17,19,21,87,61,94
96,89,40,41,75,43,55,57,26
68,71,43,46,81,18,20,54,92
33,70,40,81,18,19,20,85,61
33,68,36,70,43,11,47,18,94
68,46,80,17,18,51,81,55,92
0,72,74,45,79,15,83,87,93
33,68,37,46,81,19,85,55,28
96,35,68,41,46,18,54,55,92
64,0,79,49,83,86,89,58,94
0,97,1,33,71,43,47,87,26
96,1,68,36,70,46,20,24,57
66,68,36,43,49,20,54,55,24
96,66,68,46,18,51,54,24,92
64,33,68,71,75,18,20,24,89
1,36,37,46,15,83,55,24,28
0,35,36,58,5,43,49,57,26
0,33,36,5,39,72,74,45,57
0,35,36,49,22,54,57,26,92
99,4,41,74,43,15,49,54,92
35,36,5,70,44,49,82,83,60
96,66,40,18,54,89,26,92,57
96,36,5,68,40,10,85,57,26
0,97,1,36,5,11,54,59,92
64,68,10,44,49,55,24,93,94
33,1,5,40,43,15,80,24,60
96,38,75,43,47,79,80,18,92
99,68,4,46,47,81,18,19,55
68,41,75,46,79,60,20,24,92
0,1,36,68,20,85,21,24,60
96,33,36,41,43,46,80,18,21
0,1,36,80,49,20,53,54,24
64,71,40,82,83,89,26,94,57
37,70,40,46,49,18,55,26,94
96,33,66,75,80,18,51,22,92
96,68,46,18,19,51,85,55,28
0,66,5,43,80,49,81,51,21
64,0,97,75,79,47,15,83,58
64,66,37,7,15,18,57,26,60
33,35,68,43,47,54,55,24,92
99,39,8,41,74,11,79,82,58
64,38,72,15,47,79,22,89,58
66,68,38,39,75,78,15,79,22
96,10,43,80,18,51,54,22,89
39,72,71,74,8,45,47,16,79
64,1,35,70,39,71,49,87,94
37,7,40,81,17,19,49,85,28
39,71,11,79,49,54,22,92,94
64,97,66,41,74,47,54,22,92
97,66,36,10,11,75,78,47,22
33,3,5,37,7,19,52,21,28
35,68,7,46,49,20,54,55,92
0,36,37,7,43,47,83,24,60
0,1,68,4,41,15,18,83,24
0,64,96,33,36,83,24,57,26
35,70,46,18,85,54,55,21,92
35,70,46,80,18,51,22,55,92
68,10,46,49,18,51,54,55,92
71,46,81,18,17,19,21,85,53
96,66,38,75,80,83,54,57,26
99,8,74,45,78,79,16,22,89
39,72,8,45,78,82,18,89,58
4,38,71,74,75,43,45,47,94
0,36,71,40,10,43,80,57,26
35,4,37,7,47,82,87,28,94
0,96,66,36,38,15,79,18,20
0,5,41,49,82,83,50,24,94
0,97,36,41,43,47,82,58,94
0,36,5,76,22,55,89,58,59
33,37,70,7,43,46,24,26,28
36,41,11,49,82,55,89,92,94
66,68,46,80,81,18,51,19,55
0,97,36,8,73,10,79,22,26
68,37,7,46,81,18,51,17,55
66,39,8,72,74,11,45,78,16
35,4,70,81,17,49,83,21,60
68,71,46,81,49,51,87,92,94
96,66,68,37,46,81,18,54,55
96,36,40,43,46,80,18,85,55
99,38,39,41,11,82,87,89,57
33,99,44,46,81,17,51,19,21
97,36,37,41,74,15,82,83,58
38,41,74,45,78,47,79,82,89
96,66,68,74,43,46,81,18,55
64,1,4,41,43,82,83,53,94
97,36,39,73,10,76,83,20,58
0,36,71,74,20,87,25,60,94
33,36,7,73,10,43,17,51,21
64,0,66,10,43,47,54,58,60
64,71,41,75,79,82,20,57,60
96,33,66,38,10,43,47,80,18
96,68,40,46,81,17,19,51,92
64,37,41,43,15,80,47,82,58
37,7,43,47,17,81,51,19,28
36,5,70,68,81,17,19,50,85
64,1,4,41,43,47,82,20,57
72,8,74,43,45,47,79,83,26
96,66,10,75,78,47,18,54,92
36,4,43,46,79,80,20,85,24
39,72,8,74,45,78,15,22,57
64,0,41,43,11,47,83,58,94
33,1,68,36,70,40,10,24,57
71,39,43,80,49,51,19,87,89
0,4,5,43,20,21,85,55,60
99,70,41,46,82,20,21,55,24
66,68,46,17,18,51,19,21,55
68,46,80,81,17,49,87,55,94
66,68,36,46,17,51,85,55,92
0,41,43,15,49,82,83,87,24
36,5,68,46,49,83,21,55,60
66,68,36,5,40,49,20,55,57
0,1,36,5,49,52,24,25,60
0,68,5,15,80,52,21,85,28
0,68,80,49,54,87,22,92,94
96,66,70,46,47,80,17,18,55
66,38,75,43,47,18,22,54,92
96,97,66,36,38,41,78,47,92
64,0,66,40,75,43,46,57,26
66,35,36,5,72,15,49,83,22
38,41,74,11,45,78,16,18,82
64,46,80,49,51,54,55,24,92
96,66,11,78,55,54,22,92,94
64,97,36,40,78,49,83,57,26
68,70,46,80,81,18,51,49,85
0,36,71,43,15,47,83,24,57
96,35,36,5,46,80,54,26,92
96,68,7,43,46,18,19,55,28
37,7,41,81,17,51,19,59,28
1,66,68,70,46,18,85,22,55
66,68,39,8,74,11,78,16,22
97,66,68,11,45,54,57,26,92
3,36,5,70,17,81,19,50,21
36,38,72,41,74,47,15,82,58
64,66,35,75,82,22,54,58,92
96,38,39,71,43,87,89,92,94
96,66,37,7,75,80,51,54,92
96,66,99,79,80,18,22,89,92
66,68,78,46,15,81,18,85,55
96,1,64,43,75,46,47,18,20
96,64,68,36,41,18,82,53,55
97,66,41,74,11,78,82,83,22
96,66,68,75,46,18,85,21,55
96,68,41,11,46,78,79,55,92
68,70,46,51,20,85,55,24,89
1,68,43,46,47,80,18,54,55
97,35,71,15,49,82,83,21,25
97,99,72,75,15,49,83,54,92
68,36,43,46,47,80,85,55,24
0,1,37,71,18,87,24,25,94
36,5,70,10,46,81,20,85,89
0,26,36,43,49,83,58,92,94
64,97,36,5,10,20,24,57,60
64,66,99,68,15,47,18,24,57
96,36,71,74,43,46,47,82,60
0,71,40,49,20,87,57,26,94
5,70,37,44,81,20,85,52,25
0,66,36,5,71,45,79,50,60
37,70,7,75,81,19,21,87,28
66,35,68,43,80,54,55,24,92
64,96,33,74,45,83,26,28,94
97,39,72,8,74,45,47,49,94
36,5,71,74,49,22,87,57,61
0,97,36,5,10,49,24,60,94
97,66,72,41,11,45,15,82,89
66,43,78,49,83,20,54,22,92
64,0,4,41,79,82,20,55,60
0,96,36,7,60,80,49,24,28
64,35,60,47,15,82,55,58,28
68,42,75,46,18,21,54,55,24
66,36,68,75,78,80,49,82,55
0,35,71,43,15,49,26,60,94
96,66,68,7,46,54,55,22,92
96,1,46,49,81,18,21,55,24
64,33,1,68,43,47,18,20,55
64,36,40,49,57,26,60,61,94
39,41,11,79,15,47,82,58,92
37,43,60,47,18,83,54,87,28
97,66,38,71,15,47,18,57,26
89,71,40,75,15,47,57,26,60
66,68,10,75,11,43,18,54,92
0,7,10,44,83,24,58,60,61
0,5,70,71,43,20,21,85,55
41,43,75,79,80,47,49,82,89
96,71,49,50,52,85,87,24,60
96,66,68,75,46,18,54,55,92
64,37,7,41,43,47,82,83,94
1,70,46,18,19,20,85,51,55
97,71,39,79,16,86,87,58,94
96,0,71,10,75,47,80,83,58
96,66,40,43,75,46,54,55,57
96,36,41,75,46,79,15,47,54
3,36,71,39,73,10,15,82,20
96,66,68,71,7,46,18,21,85
64,97,40,41,45,15,57,26,28
66,74,43,75,45,53,55,26,94
64,96,97,36,78,79,15,83,58
64,99,68,11,15,79,24,58,60
64,97,36,43,82,83,24,89,60
96,66,68,70,75,46,80,18,55
96,0,36,43,80,49,83,20,54
33,36,5,10,81,19,51,21,85
68,5,40,80,49,18,85,22,92
99,38,8,78,47,22,57,58,92
96,66,68,46,80,17,18,51,55
66,75,78,18,55,54,22,87,92
33,68,37,41,10,43,81,17,54
36,49,83,61,54,22,58,92,93
7,46,80,81,17,18,51,19,55
68,78,46,16,54,22,89,26,92
96,33,66,10,80,18,51,82,86
66,70,40,80,17,18,51,81,28
96,66,75,78,46,47,18,55,92
0,97,36,5,47,50,83,58,59
66,68,5,7,46,80,17,51,55
64,0,36,39,71,43,83,87,60
33,68,75,46,80,18,21,85,55
5,70,73,17,49,19,51,81,21
64,97,0,36,41,11,82,83,58
1,97,35,7,47,82,83,24,60
0,39,8,74,11,10,49,87,94
97,8,72,11,46,79,16,83,89
33,36,5,70,10,43,17,51,28
75,43,46,47,79,49,54,55,92
33,97,35,36,45,49,82,87,58
33,68,71,10,75,46,18,55,94
1,66,37,38,7,41,49,54,57
0,97,64,36,5,39,11,52,94
89,58,37,7,79,87,57,26,28
37,80,81,18,51,19,21,25,28
5,70,40,81,19,85,24,57,28
68,43,46,47,49,83,54,55,92
66,68,43,47,49,18,54,55,22
64,36,71,75,80,49,87,24,60
96,1,68,70,71,46,18,55,26
68,70,43,46,80,81,51,57,92
1,68,75,46,80,17,18,85,54
68,46,80,18,54,55,22,89,92
96,7,11,15,47,82,18,55,24
38,39,11,78,80,49,83,87,94
96,68,36,10,78,79,83,57,60
64,97,33,36,71,8,53,87,94
96,1,0,36,5,85,55,24,60
71,40,46,15,81,18,82,85,26
68,37,7,60,49,82,22,87,28
0,36,39,71,10,43,49,24,94
40,80,81,17,19,51,85,57,28
96,36,58,38,10,15,47,83,26
68,5,70,81,17,51,85,24,28
96,97,1,36,10,55,24,57,60
96,38,71,47,80,82,18,54,60
64,0,33,1,40,43,47,52,57
66,71,43,11,60,49,54,87,92
66,99,4,43,47,82,22,26,60
96,71,75,43,45,20,87,24,57
64,36,5,68,10,28,55,24,60
64,0,36,5,70,44,45,76,24
99,38,8,75,78,79,22,55,89
97,36,37,38,71,47,15,83,53
66,72,41,74,45,78,47,22,57
33,68,36,70,46,81,18,85,55
35,5,70,73,81,49,51,85,25
0,1,36,5,70,43,80,49,20
66,68,43,17,49,51,19,85,55
96,68,46,80,18,83,87,55,24
64,66,99,75,43,79,49,58,94
68,43,46,18,20,54,55,58,92
97,26,68,46,78,49,54,58,92
0,35,70,41,49,82,50,85,94
64,1,36,5,37,7,60,24,28
64,97,36,79,18,83,55,24,60
0,64,3,36,5,71,15,52,20
97,36,72,74,45,78,47,82,22
1,36,10,80,81,21,85,28,94
33,68,70,46,18,20,55,24,92
66,74,43,46,78,47,22,58,92
39,72,8,74,45,16,82,22,26
0,64,36,7,41,43,60,49,28
64,33,1,36,40,41,43,75,26
96,1,68,70,43,18,51,20,85
33,1,70,10,81,17,19,21,55
1,43,46,15,47,18,85,22,55
0,64,75,43,47,49,83,20,26
0,70,71,40,81,19,51,85,87
35,68,70,41,46,81,82,21,85
0,97,71,11,75,45,15,82,58
96,1,68,40,18,83,21,55,24
96,1,66,40,43,75,18,54,92
1,68,70,7,15,18,21,55,28
96,33,66,68,15,49,54,22,92
58,75,45,49,82,22,89,26,57
36,70,7,75,43,46,18,24,28
0,97,38,71,72,43,57,60,94
5,80,17,49,19,51,20,21,87
64,68,71,11,46,47,87,58,94
68,37,38,43,46,47,15,80,55
96,66,75,46,17,18,19,85,86
0,1,36,68,40,11,24,57,26
96,97,41,82,83,55,54,22,92
0,64,66,36,68,15,49,54,92
0,64,97,36,39,40,47,57,26
64,1,37,7,43,18,55,28,94
1,35,46,49,18,20,54,22,92
97,66,38,11,79,82,54,87,94
97,36,7,74,47,16,58,60,93
97,99,7,8,74,45,87,58,28
33,68,37,70,7,40,81,18,28
5,37,70,40,81,18,85,87,93
66,75,46,47,22,55,54,58,92
96,10,75,49,51,54,22,89,92
0,36,5,71,50,83,57,26,60
70,71,40,73,43,75,20,85,26
38,10,43,47,80,49,79,54,58
33,68,43,46,17,82,51,21,55
99,7,71,75,60,92,87,28,94
97,66,36,72,11,75,80,22,57
64,3,36,37,7,43,47,15,28
96,75,46,79,92,22,55,54,60
96,68,70,46,80,81,18,54,55
40,46,18,21,85,55,24,57,26
96,33,68,37,70,46,18,21,87
1,36,43,76,81,83,85,24,25
72,75,78,47,82,22,89,58,92
97,39,74,75,45,78,16,82,58
70,46,81,17,51,19,21,55,93
64,71,41,43,47,82,53,87,94
97,26,8,40,74,45,15,57,58
35,71,41,47,49,82,85,59,28
66,68,11,78,79,47,46,58,92
64,36,40,43,47,49,82,83,57
35,68,70,43,46,17,18,51,55
96,66,68,46,85,54,55,89,92
97,99,39,8,11,16,49,22,86
41,43,47,81,18,85,86,55,21
33,66,68,75,46,15,18,54,55
36,72,10,43,78,47,15,82,83
36,4,11,45,49,53,57,58,59
64,66,36,37,38,7,80,58,28
0,36,5,43,47,49,20,53,25
33,71,43,81,17,19,49,21,94
64,1,36,76,47,79,49,24,60
68,36,8,78,79,16,46,22,55
26,36,37,39,60,47,57,58,28
36,5,70,71,20,85,21,87,25
36,8,72,74,78,16,54,22,92
64,1,96,36,70,40,43,26,60
33,36,5,37,44,18,85,21,60
96,66,40,10,18,54,55,26,92
64,0,99,11,75,18,24,58,94
64,38,7,72,74,11,15,47,82
99,38,75,47,80,49,83,57,92
68,40,46,17,81,51,85,55,26
5,41,75,79,80,47,83,24,58
33,99,39,41,43,47,49,82,87
0,97,64,36,41,47,82,22,92
97,35,36,39,72,41,8,49,82
66,68,46,18,51,20,85,55,26
36,5,39,44,15,79,83,53,24
33,37,38,43,79,47,85,24,60
64,99,37,72,47,57,58,28,94
33,38,40,43,47,49,54,57,26
1,5,38,41,43,75,47,79,18
96,66,38,75,78,47,80,18,89
33,68,70,46,81,18,51,17,19
96,66,35,68,43,46,47,18,55
68,70,43,46,17,18,51,19,28
4,39,41,11,47,82,86,58,94
36,5,68,46,50,19,85,87,55
0,35,36,5,70,81,17,21,85
97,38,75,79,92,22,89,58,28
66,38,8,72,45,78,79,86,22
0,64,35,5,41,11,49,82,60
99,75,46,49,81,51,19,21,92
33,40,43,75,47,80,18,87,26
0,36,5,15,49,24,25,59,60
36,38,8,72,45,78,79,16,22
66,68,70,43,46,47,18,54,55
0,3,36,5,71,76,50,83,87
68,5,70,43,46,47,81,18,93
35,36,70,41,49,17,52,21,85
0,64,96,36,5,50,20,24,60
96,66,68,46,15,79,18,55,26
96,64,43,46,15,20,55,24,58
71,41,75,92,80,54,55,57,60
0,64,3,36,5,71,73,24,60
96,1,68,41,46,18,54,55,92
96,1,36,5,40,81,19,21,55
0,64,36,5,76,15,83,52,20
68,70,75,46,17,85,22,55,89
66,68,40,43,18,21,55,57,26
64,97,71,41,49,82,58,28,94
97,1,36,41,43,15,47,58,60
0,33,64,36,37,40,49,57,26
36,72,41,74,8,45,78,79,82
0,1,40,43,47,18,21,57,26
96,97,66,99,75,78,83,22,58
36,5,68,46,81,18,19,51,55
97,99,36,38,10,11,74,45,47
96,36,5,70,47,15,82,83,24
38,39,72,74,43,45,47,79,86
64,97,5,41,10,45,47,82,26
96,0,1,43,15,47,18,24,60
35,68,70,46,80,51,54,55,92
0,36,71,10,79,83,85,24,60
0,18,52,21,85,55,87,60,94
33,37,7,40,80,18,51,21,28
99,39,71,74,43,45,15,58,94
66,39,75,43,11,47,79,80,89
39,72,74,43,45,78,15,16,22
35,41,43,80,49,81,82,17,21
97,66,68,46,79,55,54,22,92
96,66,8,11,78,16,83,22,94
64,38,71,39,43,47,87,89,94
96,68,70,43,46,80,17,18,55
33,74,11,45,47,82,22,89,28
35,68,75,49,18,85,54,21,92
99,39,8,11,78,16,22,87,94
33,8,72,41,78,79,16,82,58
96,68,37,46,81,18,17,21,93
64,36,74,45,46,47,55,60,93
96,97,39,11,75,15,18,87,58
97,66,99,41,47,82,87,60,94
96,66,75,78,79,55,54,22,89
66,78,15,54,22,89,58,92,94
64,97,68,41,46,18,82,83,54
96,68,4,46,79,81,18,21,55
96,89,3,36,43,47,15,57,26
96,37,5,7,76,46,83,28,61
38,10,75,43,47,80,18,54,92
35,68,7,46,81,19,51,54,55
40,41,46,81,18,17,19,82,55
66,7,43,11,79,80,49,89,28
64,0,66,36,46,49,20,85,54
33,99,11,46,49,82,54,92,93
64,68,10,46,47,49,55,60,94
68,71,17,51,21,85,87,28,94
68,75,46,17,18,54,55,22,92
33,36,68,70,71,46,20,21,85
68,5,70,46,81,18,51,21,55
68,5,37,46,60,80,49,55,28
70,40,46,80,17,18,85,55,57
96,1,0,5,46,80,20,24,60
0,64,3,36,15,49,50,52,57
1,66,36,75,47,49,18,54,92
97,99,5,7,10,45,47,26,28
0,33,35,36,70,71,40,49,85
66,7,11,28,78,55,54,22,92
96,66,68,75,80,20,54,22,92
64,1,99,68,75,46,80,18,54
33,35,70,73,17,49,81,21,94
33,71,43,75,46,47,18,55,94
66,8,72,41,45,78,16,22,58
66,70,10,43,80,17,51,21,85
66,43,75,46,47,80,18,51,20
96,70,71,46,60,18,54,55,92
96,0,37,5,46,47,20,89,28
5,38,39,72,8,10,78,47,22
96,66,68,43,18,54,55,86,92
1,35,36,5,70,41,81,20,85
66,10,43,79,49,54,22,89,92
0,36,40,41,43,49,82,57,26
66,99,68,38,40,20,26,60,94
96,68,46,81,18,51,21,55,92
1,70,40,43,18,20,85,57,59
64,0,1,36,68,5,80,52,24
66,72,74,79,82,54,22,57,26
1,5,70,46,49,81,83,20,55
0,1,5,49,20,85,24,60,94
66,99,4,68,43,18,55,24,92
96,66,99,68,11,78,54,22,58
96,33,40,46,82,52,21,85,26
64,1,5,43,49,82,53,87,58
64,0,36,5,11,43,15,83,53
70,40,43,75,81,18,20,21,89
0,99,36,41,92,80,82,83,60
0,66,36,41,79,15,82,58,60
39,8,72,74,45,79,16,86,22
96,66,75,43,78,46,18,55,92
39,8,72,41,45,16,82,83,87
99,36,11,47,49,82,83,58,60
1,68,81,17,18,51,21,19,55
0,97,39,71,43,75,47,87,94
64,97,36,40,18,24,57,58,60
0,97,99,71,79,49,87,58,94
96,97,68,41,78,47,22,89,26
96,68,43,46,18,82,85,86,55
68,70,7,40,10,46,15,17,18
96,66,68,75,78,79,54,22,92
66,68,43,78,18,54,55,22,92
96,97,66,68,79,18,22,55,28
68,75,46,17,18,51,21,55,94
37,70,7,40,43,46,19,26,28
66,7,10,28,46,18,54,55,92
1,36,5,10,49,81,85,87,94
96,1,43,47,80,18,20,85,55
37,7,71,43,15,47,49,58,28
97,72,74,45,49,87,58,61,94
64,37,43,47,81,55,57,28,94
0,33,1,68,36,15,49,20,60
66,68,70,7,18,20,21,85,55
68,4,40,46,18,19,85,55,94
1,68,39,46,15,55,87,89,94
66,68,75,46,51,55,54,22,92
37,7,43,60,47,49,87,58,28
0,64,1,35,5,47,49,83,58
8,41,72,74,78,16,82,22,59
68,46,17,18,51,19,81,54,55
97,99,72,47,16,15,82,22,58
0,41,49,83,54,55,24,89,58
33,66,35,72,60,79,22,89,92
33,71,43,15,47,49,87,60,94
97,41,74,75,46,15,24,58,60
96,68,46,80,17,51,19,85,55
1,99,68,36,71,43,20,55,24
71,72,39,16,49,83,22,58,94
64,68,37,36,71,44,20,55,24
33,66,68,71,46,49,18,81,87
96,68,4,71,11,43,21,87,94
0,36,5,70,46,80,49,85,60
97,38,39,75,79,47,82,22,58
68,10,75,43,46,80,18,22,55
96,66,35,41,80,49,54,55,92
0,1,36,5,10,49,20,54,60
96,33,36,5,70,15,17,19,51
71,40,74,45,47,81,87,57,26
1,97,99,36,33,41,47,82,59
33,68,10,43,15,47,20,25,94
0,26,38,43,11,79,47,83,58
96,68,71,41,82,18,20,87,60
1,99,36,38,15,18,83,54,92
39,72,41,74,43,45,78,47,15
97,11,78,49,83,24,57,26,60
0,64,36,68,8,46,15,16,83
0,11,60,15,80,49,54,87,92
66,41,43,75,78,82,54,22,89
96,66,43,75,47,80,18,22,55
97,72,8,75,45,78,15,47,22
0,36,41,43,49,82,83,24,60
0,36,41,15,47,82,22,26,92
0,64,71,43,46,20,55,26,94
64,97,0,39,71,45,83,58,94
0,35,36,15,49,55,22,54,92
68,5,43,44,80,17,19,21,60
96,66,75,46,16,18,22,55,58
0,99,35,41,11,75,80,49,82
96,99,68,4,41,46,82,55,58
1,36,5,40,41,81,19,85,21
96,66,10,46,18,22,55,24,89
0,68,71,11,75,49,51,24,60
96,1,58,49,83,20,25,26,60
37,40,43,15,82,57,26,60,94
70,46,17,51,19,21,87,89,94
66,99,41,43,78,47,53,89,58
96,1,0,36,5,10,76,46,60
58,72,8,74,15,47,79,22,26
97,36,5,37,38,8,72,78,16
71,41,15,81,82,19,20,85,24
96,7,75,43,47,80,18,24,28
99,68,10,46,49,19,54,55,28
0,64,36,5,41,47,79,82,60
33,97,8,72,45,16,57,26,28
5,70,43,46,49,85,54,21,92
68,38,8,43,75,47,15,86,58
97,71,39,8,11,49,22,87,94
66,68,75,80,49,18,51,54,92
96,97,36,72,11,43,78,47,58
96,66,68,75,43,46,18,55,24
0,99,36,5,38,72,47,22,58
33,7,40,43,75,46,80,18,21
0,64,71,39,75,49,87,58,94
0,97,99,47,92,49,57,26,60
0,36,38,73,44,15,83,26,60
66,68,70,46,81,18,51,21,55
64,97,38,39,43,79,80,47,89
68,70,46,80,17,18,51,21,85
64,0,97,96,5,79,24,58,60
1,35,43,46,20,54,55,22,92
64,0,26,4,75,43,47,58,60
97,37,38,72,75,16,55,54,22
64,97,66,75,11,49,18,54,92
0,97,99,71,15,22,87,58,94
0,64,36,38,43,47,79,83,58
0,39,72,8,45,16,87,58,94
71,39,8,74,11,45,16,26,94
0,66,5,72,41,47,82,22,54
96,1,70,41,75,46,49,18,55
96,1,66,68,70,43,78,18,55
58,41,74,45,47,79,82,22,26
33,1,5,49,17,21,25,59,94
0,97,36,68,74,45,47,83,58
70,46,49,18,17,54,55,87,92
66,68,46,80,49,18,54,55,92
0,36,68,74,45,46,49,20,55
36,68,75,49,83,55,24,58,92
39,71,41,79,16,87,57,58,94
33,68,5,10,46,18,19,51,85
70,43,46,49,82,55,85,87,94
64,0,68,75,15,83,22,55,24
64,96,36,71,11,49,87,60,94
36,37,5,70,43,81,51,21,28
96,66,68,43,46,80,17,85,55
64,1,0,71,76,87,57,60,94
64,40,43,47,15,83,87,57,26
37,7,41,17,18,82,51,54,55
35,68,41,43,47,54,22,24,92
66,40,41,15,47,18,22,57,60
96,68,38,75,46,80,18,54,55
97,36,39,8,72,78,79,57,58
36,37,74,10,45,47,15,57,28
96,66,38,75,78,47,79,22,54
33,68,36,75,46,15,49,83,92
35,80,49,81,19,51,17,54,92
96,1,68,5,40,73,10,21,57
64,33,37,7,71,72,74,45,28
64,68,36,5,76,46,83,20,55
96,66,68,43,78,47,80,18,55
96,35,7,40,81,51,55,57,28
66,68,5,46,18,22,55,24,26
71,40,74,43,15,47,83,57,26
96,33,43,47,18,83,20,58,60
66,58,71,8,79,22,57,26,94
96,33,70,75,46,18,51,85,55
0,1,36,37,7,47,24,28,94
0,97,36,72,41,24,89,58,60
39,8,72,11,45,78,16,87,94
96,64,97,36,38,15,83,57,26
68,37,7,40,46,18,19,85,55
0,36,71,74,45,15,16,83,87
0,64,26,36,38,39,15,83,58
64,97,66,3,36,5,80,50,58
1,36,5,70,73,43,21,53,24
41,74,11,45,79,83,89,26,57
3,5,70,40,81,52,20,21,26
0,39,72,43,15,49,82,53,58
33,1,36,80,49,83,20,55,60
96,68,8,75,78,47,46,22,55
71,81,17,19,49,18,87,55,94
0,97,64,36,5,10,11,49,20
68,7,43,75,28,46,54,55,92
66,36,38,78,79,47,82,57,26
40,81,17,51,19,21,55,87,94
33,43,75,46,49,18,54,22,92
68,36,70,5,81,51,20,55,24
97,35,36,11,43,15,49,58,92
96,68,75,78,80,22,55,58,92
1,36,68,70,71,46,15,80,49
64,33,71,75,49,82,89,26,57
97,99,36,37,7,43,47,83,28
37,7,72,10,74,45,47,82,22
64,89,41,74,44,45,53,57,94
40,43,15,47,80,20,24,57,26
37,7,8,74,75,45,78,89,28
33,35,36,37,5,7,81,21,28
96,66,38,10,11,78,54,22,89
70,40,75,43,47,81,19,85,55
1,99,4,71,83,89,58,60,94
0,64,36,5,49,83,24,58,60
0,1,70,71,81,21,87,25,28
96,66,75,46,80,18,54,22,92
66,75,43,46,49,18,54,24,92
96,33,36,5,47,50,21,24,60
33,36,8,79,87,55,57,60,94
64,97,66,41,78,79,49,58,59
97,8,74,45,16,82,83,26,94
66,40,75,43,17,81,51,19,85
0,36,46,49,18,55,54,22,92
0,97,64,10,11,49,18,24,58
96,66,38,39,75,79,18,89,94
66,72,74,11,75,45,79,16,86
96,66,35,68,41,46,54,55,92
37,7,46,49,81,85,54,87,92
68,70,43,46,47,81,51,85,55
0,97,36,41,74,15,57,26,94
33,1,68,71,75,46,18,85,55
0,97,71,72,11,79,49,57,94
0,97,38,7,73,74,45,47,60
66,68,5,70,75,46,80,18,55
35,68,70,46,81,17,51,54,92
97,66,58,11,54,22,57,26,92
97,11,15,47,82,83,22,89,58
64,1,5,43,76,83,20,53,55
35,70,10,46,81,18,51,54,92
1,68,70,43,46,85,54,55,92
0,35,4,41,49,83,87,58,92
1,66,68,46,79,18,82,55,89
68,70,41,43,75,47,17,18,26
0,36,5,70,71,81,20,85,52
0,39,71,41,47,82,83,58,94
64,1,4,5,43,75,18,83,85
96,64,38,71,39,43,47,15,94
96,68,70,11,46,78,18,54,55
99,68,38,47,79,83,20,58,60
97,68,71,11,78,16,83,55,94
0,97,64,99,47,15,83,89,26
0,39,72,74,11,45,87,89,94
66,68,38,75,46,47,58,60,94
68,5,80,49,83,20,54,55,92
96,72,11,75,78,79,18,22,58
64,4,7,11,75,47,24,58,28
33,35,70,40,81,82,17,49,21
66,10,75,43,79,80,18,55,26
66,68,46,80,17,18,51,54,55
66,36,10,43,80,49,20,24,92
0,70,40,43,47,20,85,24,60
97,8,72,11,78,16,83,22,87
68,37,70,40,46,18,55,24,28
96,66,38,39,75,22,54,89,92
96,1,36,71,41,82,87,89,60
0,36,5,39,72,41,74,45,57
39,8,72,74,78,16,87,57,94
0,97,38,39,71,15,79,49,94
35,68,43,46,49,55,87,92,94
0,33,36,39,74,49,82,57,60
99,26,41,47,15,82,87,57,58
0,99,36,5,75,43,47,49,83
38,39,41,43,47,82,58,59,94
0,39,72,74,11,45,47,49,26
66,68,70,75,43,46,18,85,55
68,41,10,46,47,49,82,60,93
66,35,43,46,15,18,54,55,92
35,71,11,15,49,82,57,26,94
0,64,36,74,43,45,78,49,60
0,36,71,41,47,15,87,26,60
96,66,75,79,80,49,54,22,92
66,68,5,75,46,18,21,55,24
33,35,68,10,17,49,18,51,54
68,36,71,75,18,50,52,21,85
0,99,4,10,79,49,87,89,93
38,39,8,71,11,79,87,57,94
36,4,71,49,83,52,87,59,94
33,99,39,72,41,10,47,82,89
99,58,40,79,15,82,57,26,94
64,36,5,40,15,47,20,24,57
1,36,37,70,39,10,80,17,51
1,68,71,75,46,18,54,55,89
96,66,68,43,47,18,51,54,92
96,38,75,11,47,51,86,92,94
97,39,72,41,71,11,45,82,58
96,66,68,40,15,18,54,57,60
0,5,46,80,81,20,85,21,24
0,38,78,47,80,54,22,89,92
1,68,46,15,20,54,55,24,92
96,36,5,41,75,47,82,18,58
97,66,33,8,78,16,22,89,92
36,5,39,41,47,79,49,83,22
0,5,38,39,8,74,45,47,87
96,33,68,37,70,40,75,18,85
0,33,1,70,43,81,18,19,20
96,68,70,43,46,17,18,20,21
99,68,43,46,47,82,83,22,60
64,68,40,74,83,52,24,57,26
0,38,75,47,83,24,57,26,92
33,68,37,75,46,18,51,21,55
97,39,11,49,82,22,87,58,94
68,41,43,47,49,18,83,55,92
97,4,72,8,10,78,16,22,58
38,39,72,8,78,47,16,89,57
99,39,8,72,10,11,78,22,89
96,66,68,70,46,80,21,55,24
36,68,70,7,43,75,47,83,57
70,46,80,17,18,19,51,81,55
97,99,4,41,10,43,78,79,89
38,39,72,8,74,45,78,47,86
33,35,68,5,41,43,80,55,28
66,68,75,46,22,55,24,54,60
0,1,36,68,70,49,18,20,85
96,97,0,99,1,41,47,15,83
0,66,38,71,47,83,89,92,94
0,68,71,80,49,83,54,92,94
66,68,46,51,54,55,24,22,92
0,97,36,83,87,57,26,60,94
96,68,46,79,49,54,55,57,92
0,36,5,39,41,10,87,58,61
68,40,46,78,81,18,19,85,55
96,66,68,60,49,55,54,22,92
96,0,66,68,75,11,46,15,49
97,66,8,45,49,82,22,58,92
0,97,71,39,15,49,87,60,94
96,68,7,43,75,47,18,82,60
68,70,40,46,82,55,24,57,26
33,70,71,46,49,81,55,87,24
97,36,74,75,45,78,82,83,60
97,8,74,11,42,45,79,16,15
33,75,43,46,47,18,55,26,92
89,97,58,68,10,11,83,57,26
96,10,43,11,49,20,89,60,57
97,1,39,71,11,49,53,87,24
33,5,37,17,19,51,52,87,26
96,10,75,49,18,51,54,89,92
99,68,70,43,46,18,54,55,92
33,66,68,41,10,54,55,89,92
0,1,5,49,53,55,87,25,93
1,68,70,46,80,18,20,85,55
96,97,39,45,78,15,47,89,93
64,0,3,36,71,43,47,15,24
35,46,80,81,51,19,54,55,92
68,41,78,46,49,20,54,55,94
97,39,72,8,74,11,45,78,26
96,1,68,7,75,46,18,20,87
66,68,75,46,49,18,51,22,54
0,36,37,39,47,87,26,28,93
1,66,68,46,92,18,54,55,60
68,70,15,49,51,85,54,55,92
33,66,38,72,8,74,45,78,15
96,97,66,68,75,78,79,83,58
0,99,36,5,39,10,78,49,94
33,35,68,44,46,51,19,21,55
66,68,41,75,46,80,18,55,92
40,43,49,17,19,51,21,87,94
33,37,76,15,81,17,51,85,25
8,11,75,78,16,82,22,54,92
1,99,70,41,43,20,53,24,60
35,68,41,43,46,17,18,51,19
1,7,40,43,46,49,54,24,28
96,66,68,75,78,18,54,22,92
97,36,68,8,74,45,46,16,22
97,39,72,43,45,15,47,57,94
0,38,39,72,41,8,82,87,58
1,66,68,46,49,18,17,54,55
33,39,74,45,78,49,54,22,92
35,7,41,42,49,82,24,57,28
0,96,35,36,40,49,51,85,26
0,33,68,40,80,81,18,20,21
66,10,75,11,78,47,54,22,92
0,1,70,46,81,83,21,24,60
0,36,5,43,49,19,20,24,57
68,5,81,17,19,51,21,18,85
96,0,64,1,40,11,79,26,60
0,35,41,43,80,82,54,57,92
66,99,39,74,10,45,78,86,22
38,39,74,11,45,47,82,57,26
96,68,40,75,46,15,22,55,26
68,5,70,43,17,81,53,55,25
68,46,49,83,54,55,89,92,94
0,33,36,5,11,15,18,58,94
68,70,43,47,17,19,51,21,87
0,1,36,71,80,49,20,92,94
33,40,46,18,51,19,55,57,26
39,8,72,74,11,45,16,86,94
96,1,0,37,5,7,71,43,24
33,37,7,46,80,17,18,55,28
33,72,8,74,45,78,22,57,26
68,5,70,7,37,17,18,19,82
66,68,75,46,18,55,22,54,92
96,64,66,75,47,49,82,22,92
0,38,74,11,43,45,47,79,60
0,1,96,41,81,82,83,18,17
99,38,11,78,47,16,22,58,94
96,33,71,40,43,24,57,26,92
1,38,46,79,47,15,22,55,92
0,1,64,36,71,80,50,87,94
68,37,71,46,81,18,55,28,94
36,5,70,68,10,46,81,21,85
97,38,74,75,45,78,47,58,60
0,64,37,39,75,83,87,24,94
1,66,68,70,46,18,82,85,24
66,68,37,7,43,28,49,54,92
66,75,46,49,55,54,22,89,92
96,66,68,40,75,18,21,55,89
64,1,36,5,68,80,20,85,24
66,36,68,10,46,18,20,21,55
96,97,39,41,74,45,22,58,60
0,64,97,7,71,83,57,26,28
4,75,47,92,83,20,87,24,60
96,66,99,68,46,18,20,54,55
35,68,41,43,47,54,55,24,92
66,68,10,46,18,54,55,24,92
5,70,41,43,81,17,82,19,93
4,39,41,11,49,82,22,87,94
66,36,37,41,82,87,89,28,94
64,36,71,75,49,53,87,89,94
66,68,11,78,79,18,83,54,55
0,71,39,41,49,20,85,87,94
96,66,68,28,46,18,54,55,92
64,99,70,46,49,21,55,24,92
0,64,36,78,46,49,83,24,60
33,66,99,43,47,49,83,20,22
68,5,70,46,80,18,19,85,55
0,36,7,74,45,47,80,49,94
64,1,43,49,20,54,24,60,94
96,68,78,46,18,54,22,58,92
96,66,68,7,75,46,80,18,55
33,68,40,46,18,51,21,55,28
36,39,75,43,47,80,18,51,94
0,3,70,40,80,81,19,85,26
96,68,37,7,41,18,20,85,24
96,68,75,46,17,18,51,55,89
0,33,68,5,37,10,81,49,20
33,37,71,43,15,85,57,28,94
68,70,43,46,47,80,17,18,55
96,66,38,39,8,86,87,58,94
10,43,75,80,17,18,19,51,92
33,35,71,40,20,87,57,26,94
96,0,68,36,41,43,80,20,24
68,46,49,18,20,54,89,94,57
68,75,46,18,55,54,87,22,92
35,68,7,41,43,49,82,55,94
68,46,81,49,55,54,87,57,92
66,99,38,11,78,79,47,22,86
97,41,43,11,47,82,87,60,94
33,68,5,49,20,85,21,55,24
64,96,99,80,49,18,51,55,92
1,68,46,80,49,18,20,54,92
64,97,41,74,45,79,15,82,58
38,43,11,47,49,54,55,57,92
96,97,40,74,45,78,83,57,26
1,43,75,80,18,20,55,24,60
0,33,1,3,70,81,82,85,24
96,33,68,75,43,46,81,18,19
97,39,72,8,74,45,78,16,86
0,97,35,38,15,49,54,58,92
96,74,75,43,45,78,15,57,26
0,96,7,40,60,24,57,26,28
68,70,43,46,80,18,51,19,28
43,75,82,83,20,52,24,57,26
1,36,5,43,47,49,20,87,94
66,39,8,74,78,47,16,86,58
96,1,36,5,11,47,80,49,15
96,99,68,75,46,49,83,55,92
0,68,4,60,49,54,24,92,94
1,33,36,68,15,18,83,55,89
97,4,72,8,74,45,78,16,83
68,71,75,80,18,21,87,55,94
68,8,74,46,16,54,55,26,60
66,68,40,46,17,19,54,55,26
33,35,68,80,17,49,51,21,28
97,41,75,78,15,47,79,22,58
97,36,5,43,47,79,22,89,26
64,33,1,40,79,18,83,57,26
37,39,74,10,11,45,49,28,94
35,68,46,49,81,51,54,55,92
97,71,47,49,53,87,58,59,94
64,26,68,11,16,55,87,58,60
33,35,70,43,81,51,21,85,94
96,33,66,1,68,75,46,18,55
26,39,43,75,11,78,47,58,94
64,3,36,5,44,20,85,55,24
64,4,41,42,46,47,79,82,89
43,47,49,20,85,21,55,24,60
33,36,37,5,7,81,51,20,28
3,40,73,17,81,19,21,57,26
97,37,7,41,78,18,83,53,22
96,64,66,68,75,46,54,55,92
96,66,68,75,46,18,54,55,22
64,36,5,70,18,83,20,21,60
38,39,43,75,47,80,49,83,24
33,70,38,40,43,47,49,20,54
97,33,38,39,72,8,16,82,89
0,36,5,74,76,47,83,26,60
64,66,38,75,78,47,15,57,58
35,68,40,46,17,18,54,55,92
66,68,75,80,49,18,22,54,92
66,68,70,46,17,18,51,85,92
66,68,70,10,75,43,46,80,55
96,33,37,7,41,47,80,79,54
35,36,26,71,41,49,82,89,58
37,39,7,41,47,82,58,28,94
96,36,5,40,10,43,18,57,26
96,0,68,10,43,46,80,18,55
72,43,11,75,15,16,47,87,57
68,70,43,46,81,18,19,17,55
0,33,70,46,81,17,87,55,28
71,40,17,81,19,21,87,57,26
68,37,46,17,18,51,19,21,55
0,5,71,81,49,20,87,93,94
0,64,36,10,75,43,47,80,20
66,68,46,17,49,51,19,54,55
99,68,70,80,17,19,51,85,21
0,64,3,36,71,15,20,25,58
68,70,46,81,49,17,51,55,92
96,37,7,40,21,55,57,26,28
0,4,5,11,80,49,87,59,94
64,96,97,68,75,46,83,24,58
39,72,8,74,45,78,16,57,58
97,1,99,4,71,49,83,58,94
96,0,66,68,46,79,54,55,92
5,70,71,40,82,19,85,87,94
66,38,72,8,74,10,78,49,92
66,35,36,78,46,83,54,55,92
37,70,7,10,46,17,18,51,85
64,1,0,5,70,49,20,85,55
96,1,66,43,11,47,80,49,60
96,66,68,37,7,46,81,18,28
64,0,36,37,74,45,20,24,28
1,5,46,15,81,18,20,87,59
66,68,11,45,78,46,79,18,58
70,46,49,17,18,20,21,85,94
0,1,80,49,87,24,89,60,94
96,97,39,8,72,71,11,78,16
0,66,39,11,49,87,89,58,94
68,70,40,46,49,51,21,85,55
36,68,10,46,18,54,55,22,92
97,66,41,11,78,15,47,82,26
99,38,8,72,11,78,47,16,22
33,35,70,40,41,43,81,82,19
64,33,66,0,68,46,22,57,26
64,0,5,43,47,80,83,24,58
96,38,7,78,47,79,54,22,92
64,35,41,74,43,45,47,49,82
1,71,60,15,20,87,24,28,94
96,68,40,43,80,18,24,26,61
66,35,99,41,11,82,83,55,92
33,68,71,40,46,17,18,87,55
41,74,45,78,15,79,22,89,58
68,10,49,82,83,54,89,58,92
96,64,68,43,46,18,20,22,55
68,37,7,28,49,18,54,55,92
58,11,75,45,46,78,79,47,26
1,68,70,46,81,20,85,87,24
96,0,43,46,78,79,20,55,24
36,43,47,79,80,83,58,60,94
96,64,37,7,75,47,83,57,26
99,43,47,49,82,54,87,92,94
96,68,40,46,17,18,21,55,57
39,72,74,45,79,16,82,58,94
0,97,41,74,11,79,15,82,58
46,80,81,17,19,20,21,85,55
96,66,75,46,49,83,22,55,92
36,70,71,49,20,25,59,93,94
33,68,70,41,46,81,17,55,28
70,40,46,80,17,49,19,51,81
96,66,68,5,46,81,18,17,55
68,75,45,78,22,55,54,26,92
33,35,36,5,43,47,49,20,60
1,66,35,68,74,80,54,24,92
36,38,72,41,78,47,79,22,26
35,71,40,41,49,82,51,19,25
11,43,45,78,15,16,22,57,94
0,1,35,43,49,85,53,87,94
96,66,68,37,7,75,46,18,51
96,66,68,46,18,22,55,54,92
1,5,41,75,43,82,20,21,85
33,68,41,46,17,18,82,85,55
0,1,33,36,5,70,51,20,85
96,36,38,78,47,15,20,54,55
96,66,68,46,80,49,54,55,92
0,70,43,18,20,85,24,89,25
66,38,74,45,47,79,49,22,57
96,66,68,41,43,75,18,54,92
39,8,71,74,78,16,22,87,94
33,37,7,40,82,21,85,25,28
33,66,68,75,43,46,81,51,55
64,36,37,43,15,47,82,83,24
33,40,43,75,46,80,55,26,92
66,38,60,47,15,49,54,55,92
96,1,36,5,74,43,47,20,24
33,35,37,7,17,81,85,21,28
70,40,15,81,17,19,52,21,26
66,68,75,46,81,18,51,21,55
40,46,17,50,51,19,49,55,57
96,0,10,75,78,18,20,85,60
39,8,74,45,79,16,82,87,58
66,68,7,8,72,45,16,55,58
71,40,43,81,17,19,20,21,94
1,36,71,11,80,49,83,20,94
7,81,49,19,51,85,20,17,28
0,64,66,99,71,83,58,60,94
75,46,80,81,17,19,51,21,49
96,66,99,68,75,46,18,55,89
5,40,44,81,17,50,19,21,85
33,68,46,81,21,85,87,55,94
99,37,7,75,11,18,54,92,94
64,1,0,36,5,45,18,20,60
0,37,43,47,82,53,24,25,28
35,36,5,41,47,82,20,24,60
96,97,37,38,45,47,52,57,28
96,66,68,46,18,54,55,22,92
96,68,41,78,47,82,83,18,55
0,5,37,71,41,81,50,19,82
35,68,43,46,47,18,20,54,55
72,8,78,47,16,79,54,22,92
66,68,70,43,46,80,18,85,55
68,46,80,49,18,51,54,55,87
96,33,68,40,75,43,46,20,24
37,71,8,16,49,22,87,89,94
96,36,8,75,46,16,22,54,92
96,99,68,46,16,82,18,54,22
35,68,5,36,46,49,20,85,55
33,36,5,71,75,18,24,59,61
58,8,11,79,87,89,26,94,57
1,99,5,70,10,83,20,87,25
1,36,41,43,76,47,82,20,60
0,36,40,81,50,52,21,57,28
0,36,37,71,7,60,20,28,94
66,36,11,46,92,80,49,58,60
96,66,68,43,75,46,55,24,92
66,43,47,49,18,54,22,24,92
64,66,35,41,43,47,49,54,60
0,68,70,46,47,49,83,20,58
1,33,76,81,18,82,20,83,89
96,68,70,46,80,17,81,51,24
96,99,68,70,46,80,18,55,93
96,1,43,15,47,80,83,57,60
96,68,75,47,55,24,57,26,60
0,64,97,36,5,10,43,47,58
0,66,71,44,15,83,26,60,94
99,72,41,8,78,82,83,22,58
66,10,75,78,79,83,22,89,92
99,11,75,28,47,22,58,60,94
97,43,78,15,47,18,83,87,89
37,5,40,43,15,47,18,51,20
1,3,40,43,44,17,21,24,26
97,99,39,43,11,47,83,87,94
96,97,72,45,78,15,16,82,89
64,36,5,38,78,80,83,53,58
66,26,36,72,41,79,82,57,58
33,68,70,40,46,51,19,55,92
1,36,5,40,73,41,43,52,57
66,35,68,41,82,54,55,24,92
33,38,39,71,72,11,47,16,94
97,8,74,45,78,79,16,22,58
0,64,37,38,71,43,47,83,87
96,43,75,46,49,54,55,24,92
39,72,74,45,78,47,54,22,89
96,35,68,46,18,54,55,22,92
96,66,37,75,47,79,54,22,92
66,68,5,46,80,51,19,85,55
64,0,43,45,15,20,24,60,94
64,96,66,41,79,82,83,58,60
0,36,5,10,43,49,87,24,94
0,64,71,83,20,53,87,24,94
36,4,39,71,80,21,87,93,94
68,75,80,49,51,85,55,87,89
96,66,10,47,82,18,89,26,60
68,7,43,46,47,17,18,81,89
0,64,36,71,10,11,49,83,87
96,66,68,70,46,80,18,55,60
0,36,5,81,17,19,51,21,25
33,58,36,74,47,83,22,26,28
0,97,3,36,5,73,74,24,57
66,68,38,75,78,47,16,22,54
96,66,7,43,47,80,18,89,28
68,43,75,46,17,20,21,24,61
96,0,41,46,18,83,24,58,60
68,70,40,46,80,81,18,51,55
96,71,46,15,81,18,85,55,87
97,99,36,39,8,72,54,22,92
96,66,75,46,80,18,54,22,92
64,33,66,38,43,47,86,24,26
0,64,4,71,49,83,54,92,94
66,68,43,75,46,47,80,85,55
68,40,46,18,51,19,21,54,55
64,96,58,68,75,46,89,26,57
66,7,46,49,18,51,85,54,92
5,10,49,18,19,51,81,54,55
96,43,75,47,80,57,26,60,94
0,4,36,79,47,16,89,58,60
96,64,71,43,18,83,55,87,89
96,66,68,75,46,80,18,20,24
66,43,75,60,47,79,51,22,92
1,36,37,7,43,45,47,80,28
37,46,17,81,51,19,85,21,28
36,40,46,15,82,19,18,21,24
96,66,38,75,79,80,54,22,92
1,35,71,11,43,49,20,87,94
5,70,46,81,18,19,51,50,24
33,80,81,19,52,85,51,87,59
1,4,36,41,43,49,82,21,94
66,68,78,46,18,51,54,55,92
0,36,43,46,47,85,55,24,60
64,36,71,72,39,41,47,58,60
97,39,71,11,22,87,89,59,94
66,99,72,41,8,78,46,22,55
96,66,68,70,40,75,46,18,55
99,68,70,43,46,47,81,19,55
66,10,75,47,80,79,54,89,58
0,3,36,5,70,43,52,85,24
64,33,68,71,46,15,83,57,26
0,68,70,43,46,49,54,92,94
35,68,80,49,55,54,22,21,92
0,36,37,5,7,71,49,21,28
64,1,36,10,80,49,18,83,20
1,99,81,18,51,17,21,85,55
96,35,68,40,46,17,18,54,55
39,72,41,74,45,78,82,22,89
33,68,70,46,18,51,54,55,92
33,3,36,5,70,81,50,19,85
0,66,36,37,75,11,79,80,49
33,70,71,40,43,15,81,19,21
96,66,36,75,78,46,82,54,55
99,38,39,11,43,47,15,79,82
33,35,71,43,19,85,87,55,53
96,46,82,18,54,55,24,89,60
96,41,43,11,15,82,18,58,94
66,68,46,17,18,19,21,85,55
0,97,66,68,80,49,54,89,92
66,38,75,79,80,16,22,55,58
33,35,36,70,7,43,15,49,60
33,5,37,38,7,39,89,58,28
66,35,68,41,46,18,55,89,92
64,36,68,43,47,79,24,57,26
43,75,47,49,18,54,89,92,94
96,66,68,75,46,18,54,55,92
0,66,35,36,75,49,82,54,92
97,58,39,43,47,57,26,60,93
96,37,70,41,46,18,82,55,24
64,97,72,45,79,16,86,57,26
0,64,1,43,83,20,53,85,58
36,5,70,46,49,81,21,55,24
37,70,7,46,49,17,54,55,92
35,68,41,15,82,21,55,24,61
96,64,1,36,80,18,24,60,94
64,0,66,38,22,54,89,92,94
64,97,4,36,75,83,20,57,58
10,43,47,80,17,18,51,21,94
64,0,4,11,43,47,83,89,58
35,5,40,41,80,17,82,19,51
64,1,0,36,75,49,83,87,24
0,26,36,75,47,80,83,20,58
64,8,72,74,45,16,49,55,58
0,64,36,5,60,15,49,87,28
64,1,96,75,47,83,58,60,93
96,1,35,41,82,20,54,26,60
35,36,5,37,15,81,19,20,21
0,96,64,36,7,41,49,83,20
0,96,36,47,49,83,54,22,28
0,5,70,73,43,17,50,21,85
72,10,43,47,79,18,22,54,92
37,7,39,74,78,79,22,89,58
0,64,37,43,15,47,18,57,26
96,35,68,46,18,54,55,24,92
64,96,99,41,79,83,22,55,92
39,72,8,74,11,45,49,87,94
0,96,36,5,73,15,24,26,60
96,1,43,47,83,20,21,52,61
1,35,41,46,49,18,87,55,24
64,33,74,43,80,49,20,21,85
96,1,66,68,70,46,80,18,55
33,68,70,46,81,18,85,21,59
64,38,43,47,80,82,83,60,94
96,0,66,38,10,75,47,80,89
68,74,46,15,83,85,55,24,94
96,70,40,75,17,18,19,51,81
1,66,68,5,10,46,21,85,55
35,99,78,47,22,54,89,26,57
96,68,75,46,47,55,24,58,60
1,36,5,7,43,47,49,20,85
64,0,97,36,71,11,49,55,58
96,33,68,7,75,46,18,21,94
96,66,75,43,18,54,22,89,92
0,36,5,7,81,19,20,21,28
1,37,70,71,55,87,25,28,94
66,68,38,7,45,47,83,55,92
39,71,41,43,75,87,89,58,94
0,97,36,39,74,45,78,15,94
97,38,72,41,43,45,47,79,82
64,0,66,36,4,49,83,20,58
64,66,68,75,11,46,92,57,60
0,33,37,40,41,17,82,49,20
97,66,71,39,74,45,82,53,87
97,10,11,43,78,47,86,89,92
66,36,49,82,83,54,24,58,92
36,71,7,41,76,45,15,80,57
42,43,75,45,60,47,50,83,28
0,1,64,36,5,43,82,20,85
99,4,41,43,47,82,83,20,58
66,38,78,15,79,46,54,22,92
68,5,46,80,81,18,19,85,21
96,66,5,70,81,18,19,21,55
96,37,38,71,7,15,47,83,28
0,1,64,36,70,43,49,20,24
5,70,40,73,46,83,21,61,94
99,68,46,81,83,85,55,25,93
37,7,73,46,18,52,24,57,28
33,68,43,75,46,80,17,51,55
97,66,36,38,39,41,74,45,82
39,40,43,11,49,20,24,57,26
70,41,75,49,82,20,85,54,92
0,70,71,80,81,19,21,87,94
64,97,36,58,40,74,75,57,26
0,1,36,41,43,76,15,82,94
38,72,46,47,16,80,15,57,26
39,8,72,43,47,16,87,89,94
33,35,37,7,41,43,82,57,28
64,97,68,75,46,54,55,24,92
0,36,5,73,49,83,20,52,25
64,0,38,39,40,41,47,57,26
33,40,15,81,17,19,20,87,57
33,39,8,74,11,45,78,16,22
96,64,66,99,38,75,78,46,18
64,36,5,72,43,47,83,24,59
0,97,26,37,7,60,83,58,28
68,46,92,81,18,51,85,55,60
66,38,39,11,78,79,16,22,92
64,36,75,43,47,80,49,83,92
0,1,39,43,47,49,54,57,26
68,37,40,81,21,24,57,26,60
33,68,70,74,43,46,21,55,28
68,43,47,80,17,18,19,15,21
5,46,80,49,17,19,50,21,55
97,58,39,45,15,87,57,26,94
96,36,10,43,82,83,20,89,60
64,75,15,18,20,87,55,24,94
68,40,41,49,85,54,55,89,92
1,37,70,7,80,17,85,87,28
66,8,45,78,47,80,16,58,28
37,7,40,41,43,82,20,24,28
0,5,71,43,47,49,83,20,94
1,68,40,43,46,55,24,57,26
66,68,43,80,18,51,54,55,92
1,40,17,81,82,51,85,24,26
64,0,58,39,41,11,83,26,94
68,71,80,81,18,51,19,20,55
96,37,38,71,40,15,17,18,21
0,1,64,36,37,43,83,24,60
97,39,72,71,74,45,15,57,26
58,74,15,49,83,22,57,26,60
39,75,11,46,49,53,89,59,94
66,68,37,75,46,18,22,55,24
96,97,36,41,78,79,82,83,55
96,66,5,70,81,18,83,21,85
0,64,97,36,41,11,83,20,24
96,68,46,81,18,17,49,85,55
96,64,66,36,43,60,83,24,92
68,71,40,17,18,21,85,55,24
33,1,68,75,43,47,18,24,89
0,36,5,68,46,83,21,24,60
1,36,5,68,46,20,54,22,58
68,41,11,75,46,82,20,55,60
97,8,72,45,79,16,22,26,92
99,68,11,43,78,46,54,55,87
58,39,8,11,78,22,87,57,26
0,58,71,49,83,54,57,26,94
96,1,36,37,70,7,20,24,28
68,40,18,51,21,86,55,57,26
97,99,4,47,79,22,87,57,94
66,36,5,68,10,78,18,55,24
0,64,36,5,43,47,50,58,93
4,36,11,75,49,83,87,92,93
33,37,40,43,82,21,55,57,26
64,66,36,40,47,20,57,26,60
39,72,11,78,79,15,49,22,55
10,46,80,49,17,51,85,55,92
68,38,75,79,54,55,22,89,26
0,4,36,70,7,81,82,21,94
64,0,36,5,37,43,60,49,28
66,35,68,43,46,47,80,55,92
1,33,37,7,40,41,74,45,28
37,7,74,45,47,82,57,26,28
66,38,43,75,47,80,18,51,89
64,0,1,36,5,7,47,20,60
43,75,47,80,18,51,54,89,92
0,64,36,71,43,15,82,93,94
64,1,33,0,36,41,43,82,60
70,41,43,47,80,81,82,21,85
4,68,15,20,55,24,89,58,92
38,39,43,78,47,54,22,86,92
0,39,72,74,11,45,15,49,87
41,43,11,46,15,82,83,22,89
68,40,43,46,18,19,85,21,55
1,36,38,47,49,20,54,22,92
96,0,66,80,20,21,85,87,24
38,78,15,46,79,18,82,22,55
68,70,74,49,18,20,85,55,59
66,99,75,43,46,47,51,54,87
97,33,36,68,8,45,46,16,22
64,97,71,39,49,83,22,87,94
97,7,72,8,39,78,16,58,28
33,39,72,74,11,45,16,22,58
96,38,43,78,47,79,18,83,89
96,33,1,68,36,43,17,24,26
0,97,1,36,41,74,45,49,82
33,66,68,71,40,75,20,87,55
0,97,36,10,46,18,83,20,58
1,36,7,47,83,24,58,59,60
64,1,71,80,24,25,58,60,94
0,11,76,49,83,20,87,24,60
35,37,70,81,17,82,85,55,87
33,68,40,46,18,51,19,21,85
0,64,36,5,41,82,83,24,58
96,64,71,73,76,47,83,87,24
0,1,35,68,46,49,83,20,24
0,1,37,70,76,15,52,85,21
35,68,74,45,82,55,57,26,60
0,97,36,5,15,50,83,58,28
0,1,4,5,70,43,47,81,26
71,41,43,47,82,83,53,24,58
68,70,46,80,18,51,21,54,55
0,36,70,80,51,20,21,24,60
64,36,74,43,45,47,83,20,92
96,68,5,70,41,46,82,21,55
0,33,41,10,49,20,54,55,58
68,75,43,46,47,18,54,55,92
33,66,37,70,7,17,85,26,28
0,36,71,49,53,22,87,89,94
11,78,15,47,49,82,22,24,92
1,36,68,7,10,17,18,24,28
72,41,75,11,78,79,16,22,58
0,1,66,36,75,46,54,22,92
99,38,75,15,16,47,83,22,58
35,68,40,46,80,49,17,18,92
35,36,41,17,82,20,55,24,60
66,70,46,79,18,82,21,85,55
33,35,81,17,18,51,19,55,28
0,97,5,45,49,24,25,58,94
33,3,41,43,83,52,20,24,57
96,66,68,40,46,17,19,21,55
37,39,41,74,45,82,57,26,94
66,68,74,75,45,78,15,79,46
96,33,1,82,83,20,24,60,93
96,41,10,75,78,79,80,22,54
39,8,41,74,78,79,16,57,26
96,66,43,75,18,54,22,89,92
96,66,68,43,46,18,55,24,60
33,1,36,5,73,41,15,20,24
96,1,70,43,18,20,85,55,89
68,70,43,75,81,18,19,20,55
68,5,70,43,75,46,47,21,24
97,66,35,36,78,79,54,22,60
96,1,37,7,41,18,82,20,55
0,66,36,5,49,54,24,57,92
96,64,66,46,18,54,55,24,89
0,64,1,36,5,39,49,83,58
68,70,46,81,17,19,21,55,25
0,96,36,5,75,46,18,85,55
64,39,71,43,47,82,89,58,60
0,64,66,96,68,80,49,18,83
96,1,68,40,46,15,80,85,55
97,39,74,43,45,15,49,82,22
66,68,46,17,18,51,85,55,24
68,70,71,46,49,81,19,21,54
64,97,99,36,41,15,82,51,92
35,7,41,10,11,49,82,28,94
38,8,74,45,78,15,22,58,94
66,68,46,80,18,51,19,55,92
96,66,37,40,10,75,43,18,19
0,1,41,43,80,49,51,20,94
96,75,43,47,80,54,57,26,92
33,35,75,43,49,54,55,24,92
96,66,10,46,47,80,18,85,89
0,36,5,40,49,82,51,20,21
33,66,68,46,80,18,51,85,55
38,7,46,15,79,47,22,58,28
0,1,37,40,41,81,82,57,25
64,46,79,15,49,82,83,58,59
33,36,5,68,46,80,18,85,60
96,66,68,5,7,75,46,55,24
96,66,68,75,46,18,54,55,92
96,66,75,43,46,54,55,89,92
64,66,36,40,82,83,57,26,60
64,0,36,71,49,83,20,60,94
38,41,47,15,82,83,22,89,94
0,64,96,36,70,18,20,24,60
96,33,40,41,46,18,21,57,26
39,72,74,45,78,79,16,57,58
0,64,39,47,49,87,24,58,94
71,7,43,81,50,19,85,87,25
96,97,0,36,40,74,45,83,57
0,96,35,41,49,82,20,24,92
96,97,33,36,7,10,60,79,28
64,33,96,1,43,47,83,85,24
35,36,5,7,40,41,49,57,26
37,7,40,80,81,51,55,57,28
1,99,36,49,83,87,24,92,94
1,68,37,7,46,81,18,55,28
0,64,35,36,80,49,83,87,94
0,3,36,70,73,49,18,20,54
33,35,71,43,46,17,18,85,55
96,68,45,46,18,82,85,87,24
0,7,71,15,47,50,83,59,60
5,41,74,43,46,79,81,18,85
40,46,80,49,54,55,22,57,92
68,37,7,46,80,18,19,55,28
64,66,68,75,43,83,54,26,60
68,46,81,17,51,18,85,55,24
66,70,41,74,46,47,82,18,55
96,33,66,40,80,17,18,51,89
64,1,0,36,5,10,49,24,60
0,1,36,39,47,83,85,24,60
33,68,71,18,19,55,87,93,94
38,74,45,78,79,47,16,50,58
68,70,80,17,18,51,50,21,19
1,68,70,43,75,46,47,49,20
33,7,40,75,46,17,82,19,28
96,36,5,47,82,18,24,26,60
3,70,7,40,73,43,17,19,85
38,39,8,74,45,78,15,16,57
33,1,36,37,79,18,82,20,24
71,40,80,19,51,85,87,55,94
96,38,39,72,71,10,8,78,86
33,37,40,81,49,19,51,57,26
68,71,43,75,46,80,49,53,93
33,66,68,11,46,79,80,18,55
96,68,40,17,18,51,55,57,26
0,36,5,38,15,49,83,20,24
96,36,5,40,43,47,82,85,24
33,68,38,43,47,15,18,85,24
0,64,35,41,11,15,82,83,58
0,97,36,5,11,50,53,59,94
72,75,78,47,16,83,54,86,92
64,0,66,26,38,79,83,57,58
96,1,68,21,85,55,87,25,60
66,99,68,46,18,21,54,55,26
96,97,37,38,71,74,15,87,94
96,3,81,18,51,19,85,50,52
97,41,79,47,82,83,58,59,60
11,79,49,18,83,20,22,54,92
97,41,15,79,49,82,22,54,92
1,66,35,68,46,18,54,55,92
33,68,40,41,46,81,19,55,26
1,68,70,10,47,81,17,85,55
64,1,68,43,80,18,55,24,28
36,42,75,78,80,22,57,58,92
1,68,70,40,41,43,82,21,26
96,68,75,43,46,47,18,55,92
68,74,46,80,18,82,54,55,92
96,66,78,79,47,49,22,54,92
96,1,68,70,43,80,21,55,92
96,35,36,41,43,80,82,20,55
97,36,58,41,74,45,82,57,26
0,64,1,36,73,76,47,58,60
3,71,40,73,17,19,85,21,26
99,8,75,11,16,82,22,87,58
68,5,70,81,17,18,21,85,55
68,70,43,80,18,51,86,55,57
64,97,36,39,73,74,10,45,50
66,68,40,43,75,46,54,55,92
0,36,43,76,47,80,83,24,59
66,68,11,46,47,49,54,22,92
96,66,75,43,46,47,80,18,21
96,1,66,68,36,46,79,18,82
0,97,1,36,39,76,50,83,58
66,68,5,70,7,40,46,21,55
97,4,39,72,8,74,45,47,57
64,1,18,20,85,21,55,24,28
96,66,68,43,46,47,80,18,55
72,11,79,16,47,49,83,22,58
33,35,5,43,81,19,51,55,60
58,41,74,43,45,47,15,57,26
68,70,46,81,17,51,49,21,87
35,36,41,15,49,20,25,28,94
96,36,68,70,5,46,81,21,55
96,1,70,43,82,83,20,85,24
35,68,37,40,41,46,82,55,28
33,1,36,43,47,18,54,24,92
37,7,46,17,19,20,55,87,28
96,66,5,10,75,80,17,18,51
96,43,11,60,49,54,55,24,92
68,70,41,46,17,82,51,18,55
0,97,36,41,74,45,79,57,26
0,41,47,79,49,82,20,58,60
96,66,35,68,46,78,18,54,55
33,66,68,5,46,47,18,85,55
66,68,40,41,75,46,54,57,26
35,8,41,74,72,11,16,82,22
1,68,37,70,43,46,15,21,55
35,36,40,41,10,49,57,26,92
1,66,5,70,71,40,18,21,57
26,38,47,15,86,87,58,28,94
0,1,36,5,70,10,80,20,24
97,26,74,11,45,79,89,58,57
1,5,70,46,49,18,21,55,24
96,0,36,7,43,75,47,18,83
33,7,40,41,15,82,18,52,57
1,33,5,70,40,43,49,85,24
64,37,11,46,49,83,55,58,59
64,4,37,41,42,82,83,20,28
39,8,74,11,45,78,82,22,57
66,35,68,5,80,18,19,51,54
38,41,45,47,16,82,22,89,58
0,5,70,71,10,46,81,20,85
71,11,15,49,82,83,87,60,94
97,35,38,74,45,78,47,22,26
3,68,5,70,41,15,20,24,28
99,36,68,41,43,49,82,54,24
33,3,36,7,15,47,20,26,28
96,1,0,68,36,80,18,83,21
33,36,11,15,49,83,54,22,60
97,36,38,8,15,80,16,57,58
96,0,58,40,10,50,20,26,60
0,36,41,75,20,53,24,60,93
0,97,37,41,74,60,47,82,28
39,8,72,45,78,16,22,54,92
64,1,0,36,41,79,49,83,60
0,1,33,70,15,81,20,24,94
70,40,43,47,19,51,21,85,57
35,7,41,79,49,82,57,26,28
0,1,35,36,5,43,20,24,25
35,46,49,81,19,18,17,87,94
64,33,4,5,71,81,18,85,87
66,35,43,75,46,81,82,51,85
68,71,46,81,19,20,21,55,94
39,10,43,47,80,49,54,92,94
33,26,39,74,47,16,87,89,58
0,36,71,43,47,83,89,58,60
68,38,40,47,81,18,17,55,94
64,97,41,10,75,80,18,85,87
37,39,47,49,83,87,89,58,59
36,70,43,80,50,19,18,21,57
64,0,97,36,43,47,49,83,87
1,68,40,75,46,18,20,55,92
68,70,40,46,18,51,55,57,26
0,1,71,40,49,24,26,92,94
96,64,68,37,36,75,43,55,60
96,68,40,46,15,18,20,54,57
96,1,68,71,75,80,18,54,24
66,68,40,75,46,18,85,21,55
0,96,66,36,38,79,83,53,22
1,3,5,80,81,51,19,85,55
96,40,78,79,82,54,89,26,92
64,41,75,47,49,82,83,89,60
33,68,7,43,46,18,51,85,55
68,8,41,75,46,22,55,58,92
96,1,10,43,46,47,18,21,24
64,1,70,71,43,50,19,83,24
0,97,36,5,41,45,47,20,26
33,10,75,74,46,15,83,22,60
0,97,64,36,39,72,41,82,86
40,75,46,80,17,50,51,85,21
33,66,68,46,49,18,54,55,24
0,41,47,80,82,83,20,58,28
43,47,81,18,19,51,21,82,55
64,58,39,75,78,79,57,26,60
97,38,72,8,11,78,15,79,22
5,46,81,17,19,49,85,20,55
96,66,68,43,80,51,85,55,92
96,66,38,43,75,47,80,79,18
36,5,8,72,10,78,79,16,22
35,71,43,46,49,54,55,92,94
1,37,7,71,19,21,85,87,28
33,1,3,71,39,83,20,87,94
3,71,79,81,17,19,85,87,25
0,36,5,37,80,49,20,24,89
96,66,68,70,46,81,18,19,55
96,0,38,41,43,78,47,82,58
68,5,70,43,85,21,55,59,60
1,99,71,49,51,20,85,87,24
39,72,74,45,78,16,22,57,26
36,5,68,18,20,54,55,24,92
38,39,8,74,11,45,16,22,94
33,35,68,40,15,17,18,19,21
1,36,60,80,49,51,20,24,92
96,71,7,10,82,83,20,24,28
96,35,70,41,43,82,85,93,94
1,36,7,43,47,81,19,85,24
96,66,38,8,78,79,16,22,54
66,26,39,10,79,80,18,22,58
96,1,41,83,87,24,57,60,94
0,33,66,36,5,10,76,47,83
96,66,35,68,43,46,22,55,92
68,70,38,43,79,18,51,54,55
68,38,71,43,46,15,20,93,94
68,37,70,7,41,80,20,24,28
43,46,47,17,51,85,54,55,28
0,1,70,71,40,15,20,52,26
64,42,10,46,83,21,86,59,94
8,72,75,45,78,47,79,22,57
64,33,43,49,82,21,87,24,94
36,7,71,74,43,45,60,87,28
96,0,68,73,43,75,83,20,21
33,66,68,37,70,7,46,81,55
1,74,75,46,47,80,18,55,92
96,33,37,71,7,43,80,24,28
33,1,7,43,47,80,83,55,28
96,68,74,45,78,79,18,83,22
1,36,37,7,43,47,49,85,28
0,1,36,5,10,83,20,53,60
40,46,79,15,83,52,55,57,26
64,33,75,11,79,47,49,83,94
96,36,39,71,75,18,83,21,85
64,0,99,36,4,74,42,83,20
66,68,43,46,47,60,54,55,92
1,35,68,5,71,49,20,85,93
68,75,46,79,78,18,54,55,92
33,68,70,75,46,80,51,85,55
96,41,75,43,79,80,82,54,92
97,72,74,45,78,47,82,22,57
96,0,75,46,49,18,54,55,92
96,66,75,78,79,18,54,22,92
99,39,8,74,11,47,15,83,26
70,41,46,81,18,82,19,51,55
38,39,8,72,78,16,22,89,94
72,74,45,78,15,79,82,22,57
97,58,36,5,46,79,83,57,26
66,35,37,71,19,55,85,87,28
64,0,68,70,71,75,18,24,60
0,33,64,36,71,43,49,83,87
0,5,70,76,46,49,18,19,21
97,99,36,41,49,82,83,89,58
96,64,68,70,46,18,85,55,24
64,0,36,41,15,82,87,89,58
96,1,66,68,46,18,55,24,60
97,3,37,71,15,82,87,58,28
70,71,40,43,18,52,87,57,94
64,0,36,47,80,83,53,24,60
1,71,75,92,54,22,26,60,94
96,66,68,43,46,80,18,54,55
68,70,43,75,46,18,54,55,92
36,43,45,15,49,50,20,24,28
0,1,4,75,49,83,55,87,94
37,70,7,40,47,85,25,28,57
97,39,41,73,45,47,82,58,94
97,35,37,7,83,54,55,22,92
64,97,36,72,74,45,78,16,82
33,38,41,74,43,45,15,47,20
40,43,75,80,81,18,20,85,21
96,68,71,75,15,92,18,83,60
97,68,71,11,75,78,79,22,94
0,3,36,39,40,52,57,26,28
5,70,80,81,17,20,21,86,85
0,68,46,49,18,20,54,22,94
96,66,68,43,46,47,18,54,55
0,64,36,5,49,83,24,60,94
96,68,10,11,46,47,51,55,92
66,68,40,46,17,18,54,55,92
68,11,46,18,20,53,55,89,92
0,66,35,68,36,5,41,49,60
96,66,8,78,79,16,22,54,89
64,97,0,36,39,72,8,78,57
71,49,81,19,17,85,87,60,61
0,1,35,36,40,49,24,57,26
96,66,68,75,46,80,18,51,55
38,39,8,72,74,45,78,79,16
0,1,36,5,47,80,49,83,24
64,0,36,68,42,46,47,85,93
0,96,36,5,7,43,83,20,22
1,36,5,80,49,20,54,24,92
33,97,72,74,45,47,15,82,89
96,43,46,47,18,21,55,24,92
97,33,72,78,79,18,24,57,26
64,33,1,0,71,49,20,24,94
64,1,5,40,43,49,20,24,60
0,66,75,47,79,49,83,54,92
38,39,8,72,45,78,47,16,89
96,43,75,60,47,18,54,55,92
0,36,4,71,11,15,87,25,94
1,68,43,15,80,20,54,55,24
71,40,80,17,82,19,51,21,94
68,70,71,46,79,15,51,20,85
97,66,36,75,79,49,83,20,26
0,97,72,8,79,49,87,89,28
68,46,80,81,51,21,54,55,92
66,7,46,54,55,24,57,26,28
36,39,72,42,79,22,87,58,94
68,41,43,15,81,82,18,55,57
1,66,68,43,46,55,54,22,92
1,10,43,49,20,55,54,22,92
66,39,75,79,54,22,89,92,94
0,97,72,74,45,16,26,59,94
0,1,35,71,41,49,82,87,60
1,35,68,5,81,18,51,53,24
0,33,5,43,80,49,83,24,94
68,70,43,47,81,83,20,55,89
37,38,7,40,43,47,19,57,26
35,68,71,46,49,17,55,92,94
33,37,7,15,81,17,19,20,87
33,35,37,70,40,79,80,17,19
0,1,36,11,75,78,80,20,53
66,70,71,11,46,18,83,20,55
96,75,46,47,82,83,55,24,60
96,39,74,46,78,16,22,55,89
96,66,68,43,46,18,51,85,55
38,10,43,15,47,79,82,89,26
66,68,41,46,18,51,19,55,92
0,36,71,43,75,47,49,82,53
96,3,36,5,39,11,47,52,58
64,1,68,71,43,46,20,55,94
35,99,43,46,80,49,21,55,92
66,74,11,10,45,78,49,22,92
96,66,7,43,92,49,22,55,28
96,1,68,7,49,54,55,24,92
33,68,70,40,43,17,18,51,21
0,97,35,41,11,45,22,58,94
37,70,43,49,17,19,51,21,89
96,33,3,46,81,18,85,55,24
0,38,39,10,43,49,86,89,94
58,68,8,41,10,11,75,78,26
43,47,18,82,20,53,55,57,60
64,1,33,36,41,43,82,20,55
68,70,44,46,81,17,85,21,55
70,10,80,81,18,19,17,87,25
97,36,5,41,74,45,47,82,57
64,97,99,39,11,47,82,83,94
96,66,68,37,78,18,54,55,28
38,71,43,45,47,15,82,58,94
64,66,36,43,79,47,49,18,92
68,43,46,18,85,55,57,26,92
0,80,49,83,22,87,57,26,92
64,35,72,11,78,15,49,22,92
66,68,75,46,80,17,18,55,24
68,7,43,46,47,60,18,55,28
70,71,40,43,21,85,57,26,60
96,0,66,70,39,75,17,18,85
96,66,39,71,75,79,80,22,89
96,66,68,7,80,18,83,20,60
64,97,66,41,43,15,82,83,24
97,35,58,41,74,11,45,57,26
96,40,75,49,18,51,85,87,57
3,36,70,73,43,15,81,50,21
64,97,36,39,15,79,20,53,60
64,33,71,40,74,15,24,57,26
38,75,43,46,15,47,18,20,55
70,15,80,81,17,19,51,55,28
64,89,36,11,47,79,57,58,94
96,66,68,46,80,54,55,22,92
0,64,36,5,46,79,49,54,55
33,70,43,46,18,54,55,22,92
0,97,36,43,47,49,87,60,94
96,97,66,33,4,72,11,83,58
1,68,70,75,43,47,80,49,24
33,73,44,81,17,19,51,85,25
64,66,36,75,11,49,83,54,60
97,38,72,8,45,15,47,82,22
64,1,66,97,41,11,92,54,60
96,33,68,41,46,18,51,19,82
96,37,7,10,43,47,80,20,55
33,35,37,70,40,47,81,20,28
68,37,70,7,43,46,18,55,28
33,70,71,40,81,19,20,55,57
0,97,66,36,5,72,78,79,15
68,43,46,80,49,55,85,87,21
64,36,58,38,71,4,87,26,94
97,35,68,43,45,78,47,79,92
66,36,5,75,15,47,49,18,92
64,35,58,40,11,47,57,26,94
68,10,75,60,49,54,22,24,92
97,26,36,38,47,15,89,58,57
33,3,70,40,81,19,21,57,26
36,5,37,70,7,40,85,25,28
33,1,70,40,43,47,17,20,26
96,68,38,78,18,83,86,22,92
64,96,68,75,83,54,24,89,92
35,38,41,43,47,49,82,54,58
1,33,5,40,73,43,47,85,57
68,41,75,43,46,18,83,85,89
66,99,68,46,78,18,54,55,92
64,35,37,71,7,47,82,87,28
0,96,38,43,47,15,83,20,24
68,7,41,78,46,49,82,58,28
97,36,5,74,45,78,82,22,57
71,11,49,18,83,87,55,92,94
66,10,43,79,80,18,51,89,92
68,40,10,46,80,17,18,51,55
41,43,75,47,79,80,87,58,94
0,33,5,70,17,19,51,21,85
96,66,75,78,46,22,54,58,92
96,1,66,68,75,46,18,57,92
97,36,5,73,74,45,15,18,57
96,1,5,43,46,80,20,21,55
97,39,71,41,74,43,45,47,87
33,70,7,73,81,17,21,87,94
1,36,5,70,46,15,52,85,24
0,1,37,7,43,75,49,87,28
64,35,68,36,75,46,49,55,60
96,64,41,43,82,20,24,26,60
0,36,5,41,10,43,46,49,93
35,37,40,47,81,85,25,26,28
35,7,81,17,49,85,54,55,92
4,41,79,82,55,58,60,93,94
0,64,36,74,45,60,47,49,92
96,66,68,71,8,75,79,86,58
66,8,74,11,45,78,16,22,92
66,68,70,46,80,18,20,54,55
26,38,41,47,16,82,83,89,58
35,7,40,81,18,51,49,54,28
66,38,8,74,45,78,16,22,26
38,71,39,74,45,78,47,16,87
66,8,72,78,16,18,22,55,86
64,97,4,41,43,47,80,83,58
96,1,68,46,80,81,17,51,21
96,66,68,75,46,79,20,57,26
33,35,70,41,81,82,20,21,59
97,39,8,16,49,22,87,58,94
0,66,68,5,81,17,19,51,85
0,1,7,71,41,43,15,82,24
0,26,71,74,49,20,87,58,94
66,68,70,43,47,80,17,18,85
1,75,43,46,92,49,54,89,60
96,68,4,43,46,80,18,55,24
1,36,5,37,7,68,43,21,55
33,35,70,41,43,49,17,51,85
97,39,41,74,15,47,87,26,60
64,0,36,43,47,83,52,24,60
70,71,43,81,17,19,21,87,94
0,33,96,64,37,7,60,83,28
96,66,38,75,43,80,18,51,92
99,68,39,71,46,20,87,55,94
96,41,10,43,80,18,82,57,26
38,72,41,75,16,18,82,55,58
89,36,4,40,41,82,57,26,60
96,1,0,99,35,46,20,55,94
1,68,37,5,7,46,81,55,28
66,68,70,41,46,18,19,55,28
64,0,36,46,15,49,83,58,60
0,4,36,80,49,54,55,57,58
66,68,38,8,72,78,22,55,57
64,36,7,10,79,18,83,85,55
68,40,43,75,80,17,51,85,55
36,10,43,11,47,49,20,21,59
1,70,75,43,47,80,18,21,85
64,38,75,43,47,80,18,57,28
0,33,3,5,40,81,52,21,26
0,68,36,46,60,49,54,24,92
96,33,37,70,15,81,18,54,92
33,37,7,46,17,82,19,85,28
96,68,10,46,81,51,21,85,55
38,39,75,47,49,54,22,58,92
0,36,68,75,46,47,18,85,55
99,39,72,41,74,45,16,87,58
66,68,7,46,18,51,54,55,92
35,68,40,46,80,85,54,55,92
33,1,37,7,40,82,19,85,28
37,70,7,74,43,17,19,21,28
8,72,11,43,45,49,22,58,59
38,39,71,41,11,75,16,49,94
97,66,43,11,47,49,22,89,58
0,1,3,36,5,71,83,85,24
96,64,68,10,43,47,20,24,89
0,35,36,41,43,11,49,82,24
66,41,43,47,79,83,24,57,26
64,38,11,15,47,87,55,58,94
66,38,71,39,75,79,47,87,58
0,71,39,72,82,83,87,59,94
97,36,41,43,75,78,79,47,57
68,40,46,18,51,21,55,24,26
1,36,68,4,79,18,20,24,60
0,36,68,38,28,46,47,58,92
66,41,46,15,49,18,21,55,92
0,64,36,5,80,83,20,26,60
0,66,41,49,82,18,54,55,92
64,36,11,49,83,54,89,92,94
4,39,43,79,47,15,83,87,94
33,5,43,75,81,50,51,20,21
36,41,43,47,82,20,85,87,60
0,64,66,36,4,75,49,22,58
0,96,36,43,47,15,83,24,60
64,38,8,15,83,87,57,26,94
97,99,68,15,83,54,22,58,92
97,99,38,8,78,46,22,55,54
68,70,71,46,15,18,85,21,55
96,66,68,75,15,18,83,22,92
96,64,75,43,46,78,80,83,55
33,35,41,81,49,82,21,24,94
36,8,74,11,45,16,83,57,26
66,78,79,16,18,55,54,22,92
38,71,43,11,47,49,87,58,94
66,68,10,46,18,20,85,21,55
0,66,58,38,40,28,57,26,60
0,37,7,40,71,81,21,87,28
64,0,36,41,43,47,49,20,24
99,68,7,46,82,18,51,85,55
37,70,7,5,43,47,81,51,28
1,71,46,49,20,21,55,93,94
97,39,74,75,11,45,78,47,58
0,36,37,5,10,60,20,24,28
66,38,10,43,75,47,80,18,92
46,49,20,54,55,24,57,92,94
0,33,68,11,46,49,85,55,87
68,41,43,75,46,54,55,24,92
1,3,5,71,43,50,20,21,26
68,36,71,40,46,81,21,87,55
97,39,71,75,11,79,87,58,94
1,35,99,41,79,82,24,58,60
36,71,43,47,81,53,87,60,94
0,97,26,36,71,15,83,20,58
66,40,42,11,15,47,49,20,22
68,70,71,43,47,80,20,87,55
64,33,36,5,41,83,21,55,24
1,99,68,70,43,46,80,21,55
99,38,74,11,45,78,79,22,89
35,46,49,20,21,54,24,25,92
64,66,68,10,46,54,55,24,92
0,96,75,43,18,83,22,24,60
8,74,45,78,15,16,22,57,26
68,37,38,7,46,47,54,89,28
0,1,35,46,49,82,20,24,94
96,33,68,41,43,46,54,55,92
38,70,43,15,79,47,20,85,60
35,36,40,41,49,82,54,57,26
35,37,7,43,47,17,19,21,28
66,58,78,79,16,18,55,57,26
96,36,75,15,92,49,18,55,60
64,33,40,43,47,80,49,20,93
35,68,70,41,42,46,82,21,55
64,1,36,70,15,47,21,24,60
35,92,80,49,55,22,54,60,94
38,39,72,8,74,45,79,80,89
68,37,7,43,80,51,21,54,55
5,40,81,17,19,85,21,57,26
64,0,97,36,5,38,78,15,79
96,68,75,11,49,18,54,55,92
1,76,17,50,52,85,21,93,94
39,8,72,11,78,15,16,47,89
66,39,74,45,49,54,22,92,94
33,39,72,8,74,45,78,16,22
97,38,39,78,15,16,49,22,58
97,66,5,78,79,22,54,26,92
0,39,72,8,74,40,45,16,26
64,33,38,78,79,47,82,22,92
99,68,46,80,18,86,55,54,89
0,97,38,71,8,47,83,89,60
68,75,46,81,18,19,82,21,55
99,38,39,11,78,47,49,87,94
1,40,43,46,18,85,55,57,26
35,68,40,41,43,46,81,21,55
0,1,36,5,47,20,87,25,94
66,68,70,43,46,18,51,21,55
66,38,39,74,75,43,79,47,87
0,36,5,37,60,83,24,58,28
35,68,99,36,7,71,85,87,94
64,4,38,71,41,75,15,87,55
75,80,51,20,54,55,57,26,92
64,33,1,4,68,71,20,87,61
58,37,40,43,11,47,49,57,26
64,0,36,70,50,83,20,85,60
66,36,5,79,49,83,54,22,92
96,40,43,15,47,52,24,57,26
0,74,75,45,47,15,83,52,57
0,64,71,39,74,75,79,49,94
97,1,36,5,11,47,49,22,94
66,68,60,47,49,82,54,22,92
96,66,68,46,18,22,54,86,92
36,5,11,43,47,15,20,59,60
37,72,10,74,45,16,22,57,58
96,66,36,70,43,47,49,53,60
33,68,4,71,46,18,87,55,89
64,33,37,7,71,43,47,57,26
96,66,10,75,43,47,18,54,92
96,68,70,43,46,18,21,55,57
97,33,5,38,43,47,82,58,60
0,68,37,60,20,85,55,24,28
96,68,36,43,46,80,81,21,55
1,36,41,10,43,46,20,85,25
66,99,68,75,46,18,54,55,92
0,97,36,71,41,76,82,87,93
33,66,68,70,43,46,18,85,55
75,46,47,79,49,83,55,58,92
96,36,10,43,79,80,47,18,92
0,36,5,60,49,20,54,22,92
68,71,46,81,18,17,54,55,94
0,97,64,36,37,5,10,83,58
40,41,46,81,17,51,19,82,24
64,97,5,41,75,47,24,57,26
66,36,40,10,75,83,57,26,92
33,68,40,46,81,18,55,57,26
96,66,10,43,79,80,47,18,89
68,41,46,21,54,55,24,26,60
0,36,5,74,10,20,55,24,28
96,36,5,49,20,21,85,54,59
35,68,71,46,17,19,51,85,87
8,74,11,45,79,22,87,57,94
35,71,75,60,49,55,54,87,92
36,8,74,45,47,15,79,83,60
96,68,37,36,7,83,55,58,28
36,5,38,74,45,79,49,22,58
96,1,66,36,68,5,76,55,60
74,78,15,16,79,82,22,57,60
0,64,36,38,43,47,83,89,94
66,68,75,46,80,18,54,55,92
96,66,36,75,80,49,18,54,92
64,0,36,5,83,24,57,59,60
96,1,68,37,7,43,18,55,28
68,71,10,49,55,54,87,92,94
0,1,37,7,10,75,28,53,60
37,7,40,17,81,19,52,21,28
41,17,82,19,51,81,20,28,93
96,40,43,47,80,79,18,51,89
1,35,43,49,18,55,24,92,94
96,3,40,15,47,20,85,26,60
68,5,46,17,49,85,21,24,28
38,39,41,11,43,47,79,57,92
0,1,3,36,5,20,21,24,28
96,68,37,7,28,18,54,55,92
64,1,36,7,41,47,50,52,26
0,97,99,71,47,82,83,58,94
33,66,68,46,17,18,51,21,55
0,97,66,36,38,47,49,28,94
0,96,66,37,75,43,45,47,60
0,36,5,41,50,82,20,85,25
33,68,5,40,81,51,19,55,26
66,68,43,46,17,18,51,21,55
64,0,68,11,46,49,54,87,92
64,0,1,36,5,47,57,26,60
64,36,5,7,40,43,57,26,28
33,97,36,5,68,41,78,15,82
68,40,46,49,18,85,54,55,92
64,96,36,10,46,18,83,54,60
97,99,35,43,11,47,15,49,94
38,39,72,8,45,78,79,15,86
64,97,0,36,5,37,7,60,28
39,72,74,11,45,16,22,89,94
96,68,71,46,18,85,55,89,94
96,66,75,15,16,54,22,86,58
96,68,46,49,18,54,55,86,92
96,1,68,70,46,18,20,21,55
64,1,99,36,71,75,87,89,94
96,33,3,39,71,43,21,87,24
96,1,66,46,18,83,82,55,93
64,7,43,82,18,51,21,26,28
68,71,46,49,18,20,87,93,94
64,97,39,72,74,11,45,15,16
68,70,39,74,43,85,87,55,94
66,38,8,72,45,78,47,16,22
0,33,1,41,43,47,79,82,60
1,68,5,46,19,85,55,24,57
33,68,37,46,17,19,85,21,55
96,66,68,36,75,80,49,54,92
0,64,36,68,5,11,49,18,83
33,68,75,46,80,19,51,85,55
64,0,36,5,79,47,49,54,94
66,68,46,49,18,20,54,55,92
0,1,36,5,75,49,83,24,60
96,68,70,46,18,20,21,85,55
64,97,36,39,43,79,47,16,82
1,68,70,71,46,49,87,55,60
99,36,71,39,11,80,49,87,94
35,70,11,80,49,55,85,87,94
64,0,97,36,37,71,83,26,28
70,71,40,43,81,82,85,57,26
96,3,70,81,50,19,20,25,61
38,74,75,45,47,79,57,58,94
71,41,43,15,47,50,20,87,25
33,68,70,75,46,17,18,51,55
0,38,8,11,16,86,57,26,28
96,66,38,39,43,78,47,18,89
97,4,8,41,10,11,83,89,58
66,41,10,75,79,80,18,82,22
96,66,68,37,7,46,18,55,28
0,97,38,74,45,47,79,15,58
0,97,99,41,46,82,83,24,89
96,66,43,79,80,18,54,22,92
35,68,46,51,19,54,55,22,92
68,41,60,82,85,54,24,57,92
37,70,43,46,47,18,51,21,28
64,33,39,71,11,87,58,28,94
0,96,36,10,46,79,83,55,60
97,36,5,39,72,8,16,22,60
66,38,75,78,79,22,54,58,92
96,26,7,43,75,78,79,80,58
96,66,71,78,79,16,18,86,94
96,68,75,18,83,82,85,86,24
96,68,71,43,80,18,19,21,55
64,68,41,43,82,54,55,89,92
38,41,74,75,11,15,47,82,26
1,68,70,43,46,81,20,21,55
37,7,43,81,18,19,51,55,28
96,33,66,68,43,15,18,55,60
35,68,70,41,46,20,21,85,55
0,5,41,43,81,82,19,49,85
37,38,39,8,74,45,78,47,16
0,1,70,75,46,49,21,87,60
1,37,70,7,75,76,80,18,21
97,66,75,46,47,80,18,22,60
64,0,66,47,15,49,80,22,92
64,68,43,78,47,54,55,89,94
38,39,72,45,78,47,79,22,86
36,38,7,39,45,47,57,58,28
66,68,46,17,18,51,49,55,92
68,43,11,47,83,55,24,57,60
1,35,41,43,46,82,85,53,59
68,5,70,15,80,18,50,21,55
68,46,18,20,87,55,24,60,94
97,11,78,47,82,83,20,59,60
33,70,7,40,80,21,85,26,61
36,5,68,70,80,51,19,21,24
96,66,35,68,5,46,20,55,92
0,37,5,7,71,17,81,19,87
96,66,68,41,49,18,82,54,92
97,66,68,5,72,78,22,54,92
0,39,71,11,47,49,82,87,94
68,46,81,51,85,54,55,22,92
64,0,36,5,47,18,24,59,60
68,40,10,46,18,51,21,85,55
99,68,70,71,46,18,82,85,87
33,41,43,45,49,82,83,58,93
96,1,0,70,75,46,80,20,55
96,66,68,75,46,18,54,55,92
0,41,43,82,83,20,24,58,94
0,36,40,73,28,47,15,82,60
96,68,71,43,46,18,22,55,92
96,66,68,38,78,47,82,54,92
99,68,43,47,80,20,54,92,93
99,68,39,75,81,55,87,60,94
38,43,47,49,87,57,26,59,94
70,7,71,40,43,17,50,51,21
64,0,26,11,47,49,87,57,58
0,64,36,43,76,47,87,26,93
0,68,5,43,81,18,21,55,24
0,1,35,36,5,71,45,49,24
66,7,43,28,60,47,18,20,92
0,1,36,10,74,11,15,49,92
35,68,46,49,18,85,54,55,92
96,1,66,75,46,81,18,55,24
33,37,71,80,17,51,19,21,94
66,41,43,15,17,82,53,55,28
64,0,4,41,75,49,82,54,94
33,68,70,40,46,81,20,55,57
33,97,26,71,83,20,58,59,94
33,97,37,39,72,71,15,16,28
33,41,75,46,81,82,51,55,24
8,74,45,78,16,55,54,22,92
66,35,75,46,80,18,51,55,92
38,39,41,74,43,11,47,89,58
